Code,Name
AA,Ann Arbor Railroad [AA]
AB,Akron Barberton Cluster Railway Company [AB]
ABB,Akron & Barberton Belt Railroad Co. [ABB]
ABR,"ATHENS LINE, LLC [ABR]"
ABS,Alabama Southern Railroad [ABS]
ABWR,"Alabama Warrior Railway, LLC [ABWR]"
ACBT,Atlantic County Board Of Transportation [ACBT]
ACC,Allied Chemical Co. [ACC]
ACCZ,Arcadia Chemical Corporation [ACCZ]
ACEX,Altamont Commuter Express Authority [ACEX]
ACEZ,Armor Co-Op Elevator [ACEZ]
ACJR,"Ashtubula, Carson & Jefferson Railroad [ACJR]"
ACRC,"Andalusia & Conecuh Railroad Company, Incorporated [ACRC]"
ACTZ,AEPX Coal Terminal [ACTZ]
ACWR,"Aberdeen, Carolina & Western Railroad [ACWR]"
ACZ,Axtell Coop. [ACZ]
ADBF,Adrian & Blissfield Railroad [ADBF]
ADCX,Adirondack Scenic Railroad [ADCX]
ADEZ,Addison Elevator Co. [ADEZ]
ADN,"Ashley, Drew & Northern Railway Company [ADN]"
AEC,Atlantic & East Carolina Railway [AEC]
AEPZ,AEP Coal Terminal [AEPZ]
AERC,Albany & Eastern Railroad Company [AERC]
AFBX,Arnold Air Force Base [AFBX]
AFLR,Alabama & Florida Railroad [AFLR]
AG,Abbeville-Grimes Rwy Co [AG]
AGCR,Alamo Gulf Coast Railroad Company [AGCR]
AGCZ,American Greeting Card [AGCZ]
AGR,Alabama & Gulf Coast Railway LLC [AGR]
AGRD,"A&G Railroad, LLC [AGRD]"
AGS,ALABAMA GREAT SOUTHERN RAILROAD [AGS]
AIKR,"Aiken Railway Company, LLC [AIKR]"
AIRR,Adams Industries Railroad [AIRR]
AIZ,Argo Industry [AIZ]
AKDN,Acadiana Railway Company [AKDN]
AKMD,"ARKANSAS MIDLAND RAILROAD COMPANY, INC. [AKMD]"
ALAB,ALABAMA RAILROAD [ALAB]
ALBZ,Alois Box [ALBZ]
ALE,Alabama Export Railroad [ALE]
ALLN,Allentown and Auburn Railroad [ALLN]
ALM,Arkansas Louisiana & Mississippi Railroad Company [ALM]
ALPZ,Allied Paper Company [ALPZ]
ALQS,Aliquippa & Southern Railroad Company [ALQS]
ALS,Alton & Southern Railway [ALS]
ALT,Airlake Terminal Railway Company [ALT]
AM,Arkansas & Missouri Railroad Company [AM]
AMC,Amador Central Railroad [AMC]
AMCY,American Cynamid [AMCY]
AMCZ,AMC Chemical [AMCZ]
AMHR,"AMHEARST RAILROAD INDUSTRIES, INC. [AMHR]"
AMIN,Ayershire Mine [AMIN]
AMKZ,AMKZ Industry [AMKZ]
AMMZ,American Mineral [AMMZ]
AMRZ,American Maize [AMRZ]
AMZ,Allied Materials [AMZ]
AN,AN Railway LLC [AN]
ANR,Angelina & Neches River Railroad Company [ANR]
ANRG,ALTEX ENERGY LTD [ANRG]
AO,Appalachian & Ohio Railroad [AO]
AOCZ,American Oil Co. [AOCZ]
AOEX,American Orient Express [AOEX]
AOK,Arkansas-Oklahoma Railroad Inc. [AOK]
AOR,Aliquippa & Ohio River Railroad Company [AOR]
AOSX,"Age of Steam, LLC [AOSX]"
AOSZ,A. O. Smith Industries [AOSZ]
APA,Apache Railway Company [APA]
APD,Albany Port District Railroad [APD]
APPX,APPALACHIAN RAILCAR SERVICES [APPX]
APR,Alberta Prairie Railway [APR]
APRR,Albany Port Railroad [APRR]
APRX,Alanson And Petosky Railroad [APRX]
APZ,Air Pack [APZ]
AR,Aberdeen & Rockfish Railroad Company [AR]
ARA,Arcade & Attica Railroad Corporation [ARA]
ARC,Alexander Railroad Company [ARC]
ARFT,Astoria Riverfront Trolley [ARFT]
ARPA,Astoria Railroad Preservation Association [ARPA]
ARR,Alaska Railroad Corporation [ARR]
ARS,Arkansas Southern Railroad [ARS]
ARSN,"ARS NEBRASKA, LLC [ARSN]"
ART,A & R TERMINAL RAILROAD [ART]
ARZC,Arizona & California Railroad Company [ARZC]
AS,Abilene And Southern Railway Company [AS]
ASAB,Atlanta & Saint Andrews Bay Railway Company [ASAB]
ASCZ,American Sweetener Co. [ASCZ]
ASRY,ASHLAND RAILWAY INC. [ASRY]
ATAX,Alameda Corridor Transportation Authority [ATAX]
ATCX,Austin & Texas Central Railroad [ATCX]
ATK,Amtrak (National Railroad Passenger Corporation) [ATK]
ATL,"AUSTIN, TODD, & LADD RAILROAD [ATL]"
ATLT,"Austin, Todd & Ladd Railroad Company [ATLT]"
ATMZ,Atlas Tie Mill [ATMZ]
ATN,Alabama & Tennessee River Railway LLC [ATN]
ATSR,"Affton Terminal Services, Railroad, LLC [ATSR]"
ATW,"Atlantic & Western Railway, L.P. [ATW]"
AUT,Autauga Northern Railroad LLC [AUT]
AVR,Allegheny Valley Railroad Company [AVR]
AVRR,"AG Valley Railroad, LLC [AVRR]"
AVSX,Abilene & Smoky Valley Railroad [AVSX]
AW,Alan Wood Steel [AW]
AWRR,Austin Western Railroad [AWRR]
AWRY,"Adams-Warnock Railway, Inc. [AWRY]"
AWW,"Algers, Winslow & Western Railway Company [AWW]"
AZ,Anacmain Railroad [AZ]
AZCR,"ARIZONA CENTRAL RAILROAD, INC. [AZCR]"
AZER,Arizona Eastern Railroad [AZER]
BAP,"Butte, Anaconda & Pacific Railroad Company [BAP]"
BAWT,Bayway Terminal Switching [BAWT]
BAYL,"BAY LINE RAILROAD, LLC [BAYL]"
BB,Buckingham Branch Railroad Company [BB]
BBAY,BOGALUSA BAYOU RAILROAD [BBAY]
BCLR,Bay Colony Railroad [BCLR]
BCR,Bay Coast Railroad [BCR]
BCRY,"BERKSHIRE SCENIC RAILWAY MUSEUM, INC. [BCRY]"
BDRV,BELVEDERE & DELAWARE RIVER RWY [BDRV]
BDTL,Ballard Terminal Railroad Co LLC [BDTL]
BDW,"BIGHORN DIVIDE & WYOMING RAILROAD, INC. [BDW]"
BEEM,Beech Mountain Railroad Company [BEEM]
BEGX,Big Eagle Rail LLC - Wilsonville Operations [BEGX]
BERR,Buckeye Terminal [BERR]
BFT,"Big Four Terminal Railroad, LLC [BFT]"
BGCM,BG & CM Railroad [BGCM]
BGEX,Big Eagle Rail LLC [BGEX]
BGKX,Belton Grandview and Kansas City Railroad Co. [BGKX]
BGS,Big Sky Rail Corp [BGS]
BGT,BlackGold Terminals [BGT]
BHC,Black Hills Central Railroad [BHC]
BHR,"Brookhaven Rail, LLC [BHR]"
BHRR,Birmingham Terminal Railway LLC [BHRR]
BHRX,Bellefonte Historical Railroad Society [BHRX]
BHWY,Boot Hill and Western Railroad [BHWY]
BHX,B&H Rail Corp [BHX]
BIRL,Bucyrus Industrial Railroad LLC  [BIRL]
BIRZ,BIRMINGHAM STEEL CORPORATION [BIRZ]
BITY,BRISTOL INDUSTRIAL TERM RWY [BITY]
BJRR,Baja California Railroad Inc. [BJRR]
BJRY,Burlington Junction Railway [BJRY]
BKRR,Batten Kill Railroad [BKRR]
BLE,Bessemer & Lake Erie Railroad Company [BLE]
BLF,Brightline Train [BLF]
BLOL,Bloomer Shippers Connecting Railroad Company [BLOL]
BLR,BLACKLANDS RAILROAD [BLR]
BLRR,"Bee Line Railroad, Inc. [BLRR]"
BLRX,Blue Ridge Scenic Railway [BLRX]
BLU,BLUE RIDGE SOUTHERN RAILROAD [BLU]
BM,Boston & Maine Corporation [BM]
BMCX,"Bluewater Michigan Chapter, Inc. [BMCX]"
BMH,Beaufort & Morehead Railway Incorporated [BMH]
BML,Belfast & Moosehead Lake Railroad Company [BML]
BMLP,Black Mesa And Lake Powell Railroad [BMLP]
BMRG,Blue Mountain & Reading Railroad [BMRG]
BMRX,BLUE MOUNTAIN RAILROAD COMPANY [BMRX]
BNG,Blackwell Northern Gateway Railroad Company [BNG]
BNSF,BNSF Railway Company [BNSF]
BNSO,Burlington Northern Santa Fe Suburban Operations [BNSO]
BO,Baltimore And Ohio Railroad Company [BO]
BOMX,BALTIMORE & OHIO RAILROD MUSEUM [BOMX]
BONZ,BOWATER NEWSPRINT [BONZ]
BOP,Border Pacific Railroad [BOP]
BPRR,"Buffalo & Pittsburgh Railroad, Incorporated [BPRR]"
BRC,Belt Railway Company Of Chicago [BRC]
BRFD,BRANFORD STEAM RAILROAD [BRFD]
BRG,BROWNSVILLE & RIO GRANDE INTERNATIONAL RAILROAD [BRG]
BRLZ,Brockway Lead [BRLZ]
BRMI,"BLUEGRASS RAILROAD MUSEUM, INC. [BRMI]"
BRR,Belton Railroad Company [BRR]
BRRC,BORINSTEIN RAILROAD COMPANY [BRRC]
BRS,Baton Rouge Southern Railroad [BRS]
BRSX,Branson Scenic Railway [BRSX]
BRW,Black River & Western Railroad [BRW]
BS,BIRMINGHAM SOUTHERN RAILROAD [BS]
BSCZ,BULK STORAGE CO. [BSCZ]
BSDA,"BI-STATE DEVELOPMENT AGENCY, ST. LOUIS [BSDA]"
BSFX,Big South Fork Scenic Railway [BSFX]
BSOR,"BUFFALO SOUTHERN RAILROAD, INC. [BSOR]"
BSR,"Big Spring Rail System, Inc. [BSR]"
BSRR,"Boston Surface Railroad Company, Inc [BSRR]"
BSRX,Brandywine Scenic Railroad Company [BSRX]
BSS,BETHLEHEM STEEL CORPORATION [BSS]
BSVY,Boone Scenic Valley [BSVY]
BT,Birmingham Terminal Company [BT]
BTCO,Brewer & Taylor Co. [BTCO]
BVRR,"Boise Valley Railroad, LLC [BVRR]"
BVRY,Brandywine Valley Railroad Company [BVRY]
BVS,Bevier & Southern Railroad Company [BVS]
BWZ,BANKHEAD WELDING [BWZ]
BXN,Bauxite & Northern Railway Company [BXN]
BYCX,"BATTLEGROUND, YACOLT & CHELATCHIE PRAIRIE RAILROAD [BYCX]"
CA,Chesapeake & Albemarle Railroad Company [CA]
CABZ,Calumet Business Center [CABZ]
CACI,Cactus Feeders Inc. [CACI]
CACV,Cooperstown & Charlotte Valley RWY Corp  [CACV]
CADX,"Can Do, Incorporated [CADX]"
CAGY,Columbus & Greenville Railway Company [CAGY]
CAMD,Camden & Southern Railroad. Inc. [CAMD]
CAMY,"Camp Chase Railway Co., LLC [CAMY]"
CANX,CANDO Rail Services [CANX]
CARR,CARROLLTON RAILROAD [CARR]
CASS,Cass Scenic [CASS]
CATS,Charlotte Area Transit System [CATS]
CBFX,City of Bakersfield-Amtrak [CBFX]
CBLZ,Commencement Bay LBR [CBLZ]
CBR,Coos Bay Rail Line [CBR]
CBRR,Central Branch Railroad [CBRR]
CBRW,"COLUMBIA BASIN RAILROAD, INC. [CBRW]"
CBRX,"Cbec Railway, Inc. [CBRX]"
CBRY,"COPPER BASIN RAILWAY, INC. [CBRY]"
CBYN,Crosbyton Railroad Company [CBYN]
CC,"Chicago, Central & Pacific Railroad Company [CC]"
CCCX,Cape Cod Central [CCCX]
CCET,CCET LLC d.b.a. Cincinnati East Terminal Rwy [CCET]
CCFZ,Clay Center Farmers Elevator [CCFZ]
CCGD,City of Cape Girardeau [CCGD]
CCHA,"Columbus & Chattahoochee Railroad, Inc. [CCHA]"
CCKY,Chattooga & Chickamauga Railroad [CCKY]
CCO,Clinchfield Railroad [CCO]
CCOX,Coal Supply Corporation [CCOX]
CCPN,CORPUS CHRISTI TERMINAL RAILROAD [CCPN]
CCRI,"CARSON COLORADO RAILWAY, INC [CCRI]"
CCRL,"Cleveland & Cuyahoga Railway, LLC [CCRL]"
CCT,CENTRAL CALIFORNIA TRACTION COMPANY [CCT]
CCTA,Corpus Christi Terminal Association  [CCTA]
CCUO,Chicago-Chemung Railroad Corporation [CCUO]
CCV,Cripple Creek & Victor [CCV]
CDOT,Connecticut Department Of Transportation [CDOT]
CECO,Cecil County [CECO]
CEDR,Cedar River Railroad Company [CEDR]
CEIW,CENTRAL INDIANA & WESTERN RAILROAD COMPANY [CEIW]
CERA,Central Railroad Company Of Indianapolis [CERA]
CERR,CICERO CENTRAL RAILROAD [CERR]
CERZ,Connecticut Electric Railway [CERZ]
CF,"Cape Fear Railways, Incorporated [CF]"
CFCR,Central Florida Commuter Rail Transit [CFCR]
CFE,"CHICAGO, FT. WAYNE & EASTERN [CFE]"
CFFZ,Central Farmers Fertilizer [CFFZ]
CFNR,California Northern Railroad Company [CFNR]
CFRC,Central Florida Rail Corridor [CFRC]
CFS,Chemin de fer Sartigan/Sartigan Railway [CFS]
CFWR,Caney Fork & Western Railroad [CFWR]
CGA,CENTRAL OF GEORGIA RAILROAD COMPANY [CGA]
CGGZ,Central Grain [CGGZ]
CGHX,CGHX Industry [CGHX]
CGIF,"CARGILL, INC - IOWA FALLS [CGIF]"
CGIV,CARGILL INC.  GOSCNA [CGIV]
CGR,"C. G. Railway, Inc. [CGR]"
CHAT,Chattahoochee Bay Railroad [CHAT]
CHB,"Cleveland Port Railway, LLC  [CHB]"
CHCX,Chehalis & Centralia Railroad Association [CHCX]
CHCZ,Clean Harbor Company [CHCZ]
CHGZ,Choteau Grain Company [CHGZ]
CHIN,Chicago Indiana Railway [CHIN]
CHMZ,Chinook Mine [CHMZ]
CHR,Chestnut Ridge Railway Company [CHR]
CHS,Charlotte Southern Railroad Company [CHS]
CHSR,CALIFORNIA HIGH-SPEED RAIL AUTH. [CHSR]
CHW,Chesapeake Western Railway [CHW]
CIAX,City of Auburn Port Authority [CIAX]
CIC,Cedar Rapids & Iowa City Railway Company [CIC]
CIDX,City Of Dayton [CIDX]
CILZ,Central Illinois Light Company [CILZ]
CIND,CENTRAL RAILROAD OF INDIANA [CIND]
CIRR,Chattahoochee Industrial Railroad [CIRR]
CIW,Chicago & Illinois Western Railroad [CIW]
CIZ,Champion International [CIZ]
CJR,Chicago Junction Railway LLC [CJR]
CKIN,Chesapeake & Indiana Railroad [CKIN]
CLC,Columbia & Cowlitz Railway Company [CLC]
CLCY,"Chessie Logistics Co., LLC [CLCY]"
CLDT,Cafe Lafayette Dinner Train [CLDT]
CLIF,Cliffside Railroad Company [CLIF]
CLNA,"CAROLINA COASTAL RAILWAY, INC. [CLNA]"
CLP,Clarendon & Pittsford Railroad Company [CLP]
CLRX,Conrail Locomotive Rail Service Area [CLRX]
CLSL,Columbia & Silver Creek Rr Co  [CLSL]
CLZ,Continental Lumber Co. [CLZ]
CM,Central Montana Railroad [CM]
CMCZ,Carter Mining Co. [CMCZ]
CMEM,Cargill - Memphis [CMEM]
CMGN,Central Michigan Railway Company [CMGN]
CMLX,CRAGGY MOUNTAIN RAILROAD [CMLX]
CMPA,Madison Railroad Division [CMPA]
CMQX,CENTRAL MAINE & QUEBEC RAILWAY [CMQX]
CMR,Central Midland Railway Company [CMR]
CMRR,Catskill Mountain Railroad [CMRR]
CMSX,"Cape May Seashore Lines, Inc. [CMSX]"
CMTY,Capital Metropolitan Transportation Authority [CMTY]
CN,Canadian National - North America [CN]
CNGL,Canadian National Railways (Great Lake Division) [CNGL]
CNIC,Canadian National Illinois Central [CNIC]
CNJ,Central Railroad Company Of New Jersey [CNJ]
CNRX,CINCINNATI RAILWAY COMPANY [CNRX]
CNSO,Cincinnati Southern Railroad [CNSO]
CNTP,"CINCINNATI, NEW ORLEANS & TEXAS PACIFIC RAILWAY [CNTP]"
CNUR,C & NC Railroad Corporation [CNUR]
CNYK,Central New York Railroad Corporation [CNYK]
CNYX,"Conrad Yelvington Distributors, Inc [CNYX]"
CNZR,"Central New England Railroad Company, Inc. [CNZR]"
CO,CHESAPEAKE & OHIO RAILWAY CO. [CO]
COAZ,Columbia Aluminum [COAZ]
COCZ,Contentinal Oil Co. [COCZ]
COE,COLORADO & EASTERN RR CO. [COE]
COEH,Conecuh Valley Railroad [COEH]
COER,Crab Orchard & Egyptian Railway [COER]
COGN,COGN Railroad [COGN]
COHX,City Of Henderson [COHX]
COHZ,Cochran [COHZ]
CONW,Conway Scenic Railroad [CONW]
COP,City Of Prineville Railway [COP]
CORP,"Central Oregon & Pacific Railroad, Inc. [CORP]"
CORY,Columbia & Reading Railway Co [CORY]
COSZ,Coal Spring Industries [COSZ]
CP,Canadian Pacific Railway Company [CP]
CPAZ,Coplant [CPAZ]
CPC,Chicago Port Railroad company [CPC]
CPDR,Carolina Piedmont Division-South Carolina Central Railroad [CPDR]
CPLJ,CAMP LEJEUNE RAILROAD COMPANY [CPLJ]
CPMY,Coopersville & Marne Railroad [CPMY]
CPR,"CaterParrot Railnet, LLC [CPR]"
CPSR,Central Puget Sound Regional Trans Authority [CPSR]
CPTC,Chicago Produce Terminal [CPTC]
CPWZ,Columbia Ply Wood Company [CPWZ]
CPZ,C.P. Chemical [CPZ]
CR01,Twin Cities and Western [CR01]
CR02,CANADIAN PACIFIC -- CONSILIDATED RAILROADS [CR02]
CRC,Calumet Western Railroad [CRC]
CRCZ,Carrie Radey Co. [CRCZ]
CREM,Colorado Railroad Museum [CREM]
CRGZ,Cargo [CRGZ]
CRI,Chicago River And Indiana Railroad Company [CRI]
CRL,Chicago Rail Link [CRL]
CRPZ,Central Railroad Company Of Pennsylvania [CRPZ]
CRRX,"Canon City And Royal Gorge Railroad, LLC [CRRX]"
CRSH,Consolidated Rail Corporation [CRSH]
CRYS,Crysler Corp. [CRYS]
CS,Colorado And Southern Railway [CS]
CSCD,Cascade & Columbia River Railroad [CSCD]
CSL,Chicago Short Line Railway Company [CSL]
CSLC,Carey Shortline Corp. [CSLC]
CSMX,CALERA & SHELBY RAILROAD & MUSEUM [CSMX]
CSO,CONNECTICUT SOUTHERN RAILROAD INC. [CSO]
CSPX,"Chicago, St. Paul & Pacific Railroad LLC [CSPX]"
CSRM,California State Railroad Museum [CSRM]
CSS,Chicago Southshore & South Bend Railroad [CSS]
CSSZ,Chrysler Sterling Stamping [CSSZ]
CSX,CSX Transportation [CSX]
CSXT,CSX Transportation Intermodal [CSXT]
CSXZ,CSX Corp. [CSXZ]
CT,Columbia Terminal Railroad Company [CT]
CTCZ,Cooper Tire Company [CTCZ]
CTHS,CTrail Hartford Line [CTHS]
CTIZ,Cutler Industry [CTIZ]
CTM,Chicago Terminal Railroad [CTM]
CTML,Cairo Terminal Railroad Company [CTML]
CTN,Canton Railroad Company [CTN]
CTR,Clinton Terminal Railroad Company [CTR]
CTRR,"Cloquet Terminal Railroad Company, Inc. [CTRR]"
CTRW,Carlton Trail Railway [CTRW]
CTSR,Cumbres & Toltec Scenic Railroad [CTSR]
CTXR,"Central Texas & Colorado River Rwy, LLC [CTXR]"
CTYX,Conrail Train Yard & Repair Shop [CTYX]
CUOH,Columbus & Ohio River Railroad [CUOH]
CUST,Chicago Union Station Company [CUST]
CUSZ,City Utilities Of Springfield [CUSZ]
CVL,Cuyhoga Valley Line Railroad [CVL]
CVLY,Clackamas Valley Railway  [CVLY]
CVNP,CUYAHOGA VALLEY NATIONAL PARK [CVNP]
CVR,Cimarron Valley Railroad L C [CVR]
CVRC,Cannon Valley Railroad Company [CVRC]
CVSX,Cuyahoga Valley Scenic Railway [CVSX]
CVYR,Caddo Valley Railroad Company [CVYR]
CW,Colorado & Wyoming Railway Company [CW]
CWA,Central Washington Railroad Company [CWA]
CWCY,Caldwell County Railroad Co. [CWCY]
CWI,CHICAGO AND WESTERN INDIANA RAILROAD [CWI]
CWP,"CHICAGO, WEST PULLMAN & SOUTHERN [CWP]"
CWPZ,Continental Wood Products [CWPZ]
CWR,California Western Railroad [CWR]
CWRO,Cleveland Works Railway Company [CWRO]
CWRY,"Commonwealth Railway, Incorporated [CWRY]"
CWW,CWW LLC d.b.a. Colombia Walla Walla Rwy [CWW]
CXR,Colorado Pacific Railroad [CXR]
DACZ,Dana Corp. [DACZ]
DAFZ,Dawn Foods [DAFZ]
DAIR,D & I Railroad Company [DAIR]
DALT,Dallas Terminal Railway [DALT]
DART,Dallas Area Rapid Transit [DART]
DC,Delray Connecting Railroad Company [DC]
DCCR,DECATUR CENTRAL RAIL [DCCR]
DCCZ,Decatur County Coop. [DCCZ]
DCFB,"Dodge City, Ford & Bucklin Railroad Company [DCFB]"
DCON,Detroit Connecting Railroad [DCON]
DCQ,Dupont Chemical Co. [DCQ]
DCR,Delmarva Central Railroad Co. [DCR]
DCRR,Dubois County Railroad [DCRR]
DCTA,Denton County Transportation Authority [DCTA]
DCZ,Davidson Chemical [DCZ]
DD,"Dover and Delware River Railroad, LLC [DD]"
DECZ,Decker Coal Co. [DECZ]
DER,Dunn-Erwin Railway Corporation [DER]
DESR,Downeast Scenic Railroad [DESR]
DGNO,"Dallas, Garland & Northeastern Railroad [DGNO]"
DGVX,Durbin & Greenbrier Valley Scenic Railroad [DGVX]
DH,Delaware & Hudson Railway Company [DH]
DIMZ,Dim Associates Ralroad [DIMZ]
DKS,"Doniphan, Kensett & Searcy Railway  [DKS]"
DL,DELAWARE LACKAWANNA RAILROAD [DL]
DLSR,DELAWARE LACAKAWAXEN & STOURBRIDGE RR CO. [DLSR]
DLWR,"DEPEW, LANCASTER & WESTERN RAILROAD COMPANY, INC. [DLWR]"
DLZ,Davidson & Lumber [DLZ]
DM,Detroit & Mackinac Railway Company [DM]
DME,"Dakota, Minnesota & Eastern Railroad [DME]"
DMIR,"Duluth, Missabe & Iron Range Railway Company [DMIR]"
DMVW,"DAKOTA, MISSOURI VALLEY & WESTERN RAILROAD, INC. [DMVW]"
DMW,Des Moines Western Railway Company [DMW]
DN,"Dakota Northern Railroad, Inc. [DN]"
DOD,Department Of Defense - Other [DOD]
DODA,Department Of Defense - Army [DODA]
DODN,Department Of Defense - Navy [DODN]
DOE,Department Of Energy [DOE]
DPL,Delmarva Power & Light [DPL]
DPRW,Deseret Power Railway  [DPRW]
DQE,DeQueen & Eastern Railroad Company [DQE]
DR,Dardanelle & Russellville Railroad [DR]
DRCZ,Don Russ Company [DRCZ]
DREI,Decatur and Eastern Illinois Railroad [DREI]
DRGQ,DRGQ Industry [DRGQ]
DRHV,Durango Railroad Historical Society [DRHV]
DRIR,Denver Rock Island Railroad [DRIR]
DRRV,Dover and Rockaway River Railroad [DRRV]
DS,Durham And Southern Railway Company [DS]
DSC,"Drake Switching Company, LLC [DSC]"
DSIZ,Diamond Shamrock Industries [DSIZ]
DSNG,Durango & Silverton Narrow Gauge Railroad Company [DSNG]
DSRC,Dakota Southern Railway Company [DSRC]
DSRR,Delta Southern Railroad Company [DSRR]
DT,Decatur Junction Railway Company [DT]
DTI,"Detroit, Toledo And Ironton Railroad Company [DTI]"
DTMR,Denver Terminal Railroad Company [DTMR]
DTNC,North Carolina Department Of Transportation [DTNC]
DTP,Dept. Of Trans. - Pueblo Test Center [DTP]
DTPN,Denver Transit Partners [DTPN]
DTRR,DANBURY TERMINAL RAILROAD CO. [DTRR]
DUPC,DuPont Chambers Works [DUPC]
DUPX,E. I. Dupont [DUPX]
DURR,Delaware & Ulster Rail Ride [DURR]
DUVT,Duval Transportation Of The Carolinas [DUVT]
DV,"Delaware Valley Railroad Company, Inc. [DV]"
DVS,Delta Valley & Southern Railway Company [DVS]
DWP,"Duluth, Winnipeg & Pacific Railway [DWP]"
DWRV,D &W Railroad [DWRV]
DXCV,Dixie Clay [DXCV]
EACH,East Camden & Highland Railroad Company [EACH]
EARY,Eastern Alabama Railway Company [EARY]
EBG,Eastern Berks Gateway Railroad [EBG]
EBRR,Exel Baytown Railroad [EBRR]
EBSR,East Brookfield & Spencer Railroad LLC [EBSR]
EBT,East Broadtop Railroad & Coal Company [EBT]
EBTC,EAST BROAD TOP CONNECTING RAILROAD [EBTC]
ECTB,East Chattanooga Belt Railway Company [ECTB]
ECTM,Electrick City Trolley Museum [ECTM]
ECYR,"EASTSIDE COMMUNITY RAIL, LLC [ECYR]"
EDW,El Dorado & Wesson Railway Company [EDW]
EE,ELLIS AND EASTERN [EE]
EEC,East Erie Commercial Railroad [EEC]
EFRR,Effingham Railroad Company [EFRR]
EGIZ,"Essex Group, Incorporated [EGIZ]"
EIRC,Eastern Illinois Railroad Company [EIRC]
EIRR,"Eastern Idaho Railroad, LLC [EIRR]"
EJR,East Jersey Railroad & Terminal Company [EJR]
EL,Erie Lackawanna Railroad [EL]
ELRZ,"ELK RIVER RAILROAD, INCORPORATED [ELRZ]"
ELS,Escanaba & Lake Superior Railroad Company [ELS]
EM,Edgmoor & Manetta Railway [EM]
EMRY,EASTERN MAINE RAILROAD COMPANY [EMRY]
ERC,Ebenezer Rail Car Company [ERC]
ERIE,Erie Mining Company [ERIE]
ESFR,Eastside Freight Railroad [ESFR]
ESHR,Eastern Shore Railroad Incorporated [ESHR]
ESPN,East Penn Railroad LLC [ESPN]
ESWR,ESCALANTE WESTERN RAILWAY [ESWR]
ETER,East Troy Electric Railrod Museum [ETER]
ETRY,"East Tennessee Railway, L.P. [ETRY]"
EUKA,Eureka Southern Railroad Company Incorporated [EUKA]
EV,Everett Railroad Company [EV]
EVCZ,Evans Corp. [EVCZ]
EVWR,"Evansville Western Railway, Inc. [EVWR]"
EWG,Eastern Washington Gateway Railroad Company [EWG]
EWR,ELKHART & WESTERN RAILROAD CO. [EWR]
EZR,"Elizabethtown Industrial Railroad, LLC [EZR]"
FAKE,FAKE FOR PART 243 [FAKE]
FAZ,Fish Alley [FAZ]
FCEN,Florida Central Railroad Company [FCEN]
FCR,Fulton County Railway [FCR]
FCRD,First Coast Railroad Inc. [FCRD]
FCZ,Foster Company [FCZ]
FEC,Florida East Coast Railway Company [FEC]
FECZ,Farwell Elevator Co. [FECZ]
FFEZ,Finley Farmers Elevator [FFEZ]
FFMZ,Fisher Flour Mill [FFMZ]
FGA,"Florida Gulf & Atlantic Railroad, LLC [FGA]"
FGC,"FLORIDA GULF COAST RAILROAD MUSEUM, INC. [FGC]"
FGLK,Finger Lakes Railway Corporation [FGLK]
FHPZ,Fort Howard Plant [FHPZ]
FIMX,Franklin Industrial Minerals Railroad [FIMX]
FIR,Flats Industrial Railroad [FIR]
FIT,"Ferrocarril Del Istmo De Tehuantepec, S.A. DE C.V. [FIT]"
FLYJ,Flying J / Big West Oil [FLYJ]
FMC,FMC CAR [FMC]
FMID,"FLORIDA MIDLAND RAILROAD COMPANY, INC. [FMID]"
FMRC,Farmrail Corporation [FMRC]
FMTZ,Ford Motor Track [FMTZ]
FMWX,Fillmore And Western [FMWX]
FN,Foxville & Northern Railroad Co. LLC [FN]
FNOR,"FLORIDA NORTHERN RAILROAD COMPANY, INC. [FNOR]"
FNPZ,FARMLLAND NITROGEN PLANT [FNPZ]
FOR,Fore River Railroad Corporation                    Use FRY [FOR]
FP,Fordyce & Princeton Railroad Company [FP]
FRR,"FALLS ROAD RAILROAD COMPANY, INC. [FRR]"
FRSZ,Freezer Service [FRSZ]
FRVT,Fore River Transportation Corporation [FRVT]
FRY,FRY  Railroad [FRY]
FSAR,Fort Sill Army Rail [FSAR]
FSIZ,F.S. INDUSTRIES [FSIZ]
FSR,FORT SMITH RAILROAD CO. [FSR]
FSVB,Fort Smith & Van Buren Railway Company [FSVB]
FTCZ,Farmers Terminal Company [FTCZ]
FTRL,"Foster Townsend Rail Logistics, Inc. [FTRL]"
FVRR,FREDONIA VALLEY RAILROAD [FVRR]
FWDR,Ft. Worth And Dallas Railroad [FWDR]
FWHS,Ft. Wayne Historical Society [FWHS]
FWRD,Fairmont & Western Railroad Company [FWRD]
FWWR,Fort Worth & Western Railroad [FWWR]
FZ,Farmaco [FZ]
GAFZ,GAF FIBERGLASS [GAFZ]
GBEX,Greenbrier Express Company [GBEX]
GC,"Georgia Central Railway, L.P. [GC]"
GCK,Georges Creek Railway [GCK]
GCOX,Guernsey County Community Improvement Corp. [GCOX]
GCRT,Greater Cleveland Regional Transit Authority [GCRT]
GCRX,Grand Canyon Railway [GCRX]
GCSC,"Gulf Coast Switching Company, LLC [GCSC]"
GCW,GARDEN CITY WESTERN RAILROAD [GCW]
GDLK,"Grand Elk Railroad, LLC [GDLK]"
GDOT,Georgia Department Of Transportation [GDOT]
GEIZ,Geiger Industries [GEIZ]
GEMS,GENERAL ELECTRIC MANUFACTURING SOLUTIONS [GEMS]
GET,Gettysburg and Northern Railroad [GET]
GEZ,Goldberg Elevator [GEZ]
GFEZ,Galesburg Farmers Elevator [GFEZ]
GFPI,Gregory Forest Products Inc. [GFPI]
GFRR,GEORGIA & FLORIDA RAILWAY [GFRR]
GFZ,General Foods [GFZ]
GGMX,Golden Gate Railroad Museum [GGMX]
GHDE,Gold Hill Depot [GHDE]
GHRD,Green Hills Rural Development/Chillicothe-Brunswick [GHRD]
GICX,Giant Cement [GICX]
GIMY,"GOLDEN ISLES TERMINAL RAILROAD, INC. SAVANAH, GA [GIMY]"
GITM,"GOLDEN ISLES TERMINAL RAILROAD, INC. BRUNSWICK, GA [GITM]"
GITW,Golden Isles Terminal Wharf [GITW]
GIZ,Gerber Industry [GIZ]
GLC,Great Lakes Central Railroad [GLC]
GLCT,Global Container Terminals [GLCT]
GLMZ,Glenmore [GLMZ]
GLPZ,Golden Pump [GLPZ]
GLRX,Georgetown Loop Railroad [GLRX]
GLTX,"Great Lakes Terminal Railroad, LLC [GLTX]"
GMFZ,General Motors Fisher Body Division [GMFZ]
GMRC,Green Mountain Railroad Corporation [GMRC]
GNA,"Graysonia, Nashville & Ashdown Railroad Company [GNA]"
GNBC,Grainbelt Corporation [GNBC]
GNRR,Georgia Northeastern Railroad Company [GNRR]
GOGR,"Geaux Geaux Railroad, LLC [GOGR]"
GOOS,"Goose Lake Railway, LLC [GOOS]"
GORX,Gulf And Ohio Railways [GORX]
GR,GRAND RAPIDS EASTERN RAILROAD INC. [GR]
GRC,Glasgow Railway Company [GRC]
GRD,"Gardendale Railroad, Inc. [GRD]"
GRFZ,Grand Fork Milling [GRFZ]
GRGL,"Global Rail Group, LLC [GRGL]"
GRGZ,Grand Grit [GRGZ]
GRI,Goodwin Railroad Corporation [GRI]
GRLW,Greenville & Western Railway Company LLC [GRLW]
GRN,GREENVILLE & NORTHERN RAILWAY CO. [GRN]
GRNW,"Great Northwest Railroad, LLC [GRNW]"
GRR,Georgetown Railroad Company [GRR]
GRRM,Galveston Railroad Museum [GRRM]
GRRW,The Grand River Railway [GRRW]
GRS,Pan Am Railways/Guilford System [GRS]
GRVV,Grapevine Vintage Railroad [GRVV]
GRW,Gary Railway Company [GRW]
GRWR,Great Walton Railroad Company [GRWR]
GRYR,"Grenada Railroad, LLC [GRYR]"
GS,GEORGIA SOUTHERN RAILWAY [GS]
GSF,GEORGIA SOUTHERN & FLORIDA COMPANY [GSF]
GSHX,Golden Spike Historical Society [GSHX]
GSM,GREAT SMOKY MOUNTAINS RAILWAY [GSM]
GSMR,GULF AND MISSISSIPPI RAILROAD CORPORATION [GSMR]
GSR,"Great Sandhills Railway, Ltd. [GSR]"
GSUZ,Gulf State Utilities [GSUZ]
GSVZ,Great Shenandoah Valley Development [GSVZ]
GSWR,Georgia Southwestern Railroad Inc. [GSWR]
GSZ,Glazier Salvage [GSZ]
GTLS,GT Logistics [GTLS]
GTR,GREAT RIVER RAILROAD [GTR]
GTRA,Golden Triangle Railroad Company [GTRA]
GTRS,Germantown Rail Siding RR [GTRS]
GTW,GRAND TRUNK WESTERN RAILROAD INC. [GTW]
GTZ,Gateway Coal [GTZ]
GU,GRAFTON & UPTON RAILROAD COMPANY [GU]
GUIL,"Guilford Transportation Industries, Inc [GUIL]"
GUIZ,Gunderson Industries [GUIZ]
GUX,Gunderson Inc. [GUX]
GVRX,"Genessee Valley Railway Company, Incorporated [GVRX]"
GVSR,"GALVESTON RWY, LP [GVSR]"
GWR,"Great Western Railway of Colorado, LLC [GWR]"
GWRC,Georgia Woodlands Railroad [GWRC]
GWWE,Gateway Eastern Railroad Company [GWWE]
GWWR,Gateway Western Railway [GWWR]
GZ,Geneva Elevator [GZ]
HAL,"Hilton & Albany Railroad, Inc. [HAL]"
HART,Hillsborough Area Regional Trans. Authority [HART]
HARZ,Harrison Radiator [HARZ]
HBL,Harbor Belt Line Railroad [HBL]
HBRR,HBRR Industry [HBRR]
HBRY,Hudson Bay Railway [HBRY]
HCAX,Hennepin County Regional Rail [HCAX]
HCCZ,Harrison Cement Company [HCCZ]
HCYR,Horry Country Railway Company [HCYR]
HCZ,Hercules Company [HCZ]
HERQ,Herzog Contracting Corporation [HERQ]
HESR,Huron & Eastern Railway [HESR]
HFSZ,Hoxie Farm Supply [HFSZ]
HGZX,HGZX Industry [HGZX]
HHRV,Hondo Railway LLC [HHRV]
HI,HOLTON INTER-URBAN RAILWAY COMPANY [HI]
HIRR,Hainesport Industrial Railroad LLC [HIRR]
HIRW,"Herrin Railroad, LLC  [HIRW]"
HIZ,Harlem Industries [HIZ]
HKGX,Birdsboro Materials/Haines & Kibblehouse [HKGX]
HLLR,"Harrisburg, Lincoln & Lancaster Railroad, LLC [HLLR]"
HMCR,HUNTSVILLE & MADISON COUNTY RAILROAD AUTHORITY [HMCR]
HNTX,Henderson Nevada Transportation Management Company [HNTX]
HOB,Henderson Overton Branch [HOB]
HOG,"Heart of Georgia Railroad, Inc. [HOG]"
HOS,Hoosier Southern Railroad [HOS]
HPTD,"High Point, Thomasville & Denton Railroad Company [HPTD]"
HR,Heritage Railroad Corp [HR]
HRR,Huckleberry Railroad [HRR]
HRRC,"HOUSATONIC RAILROAD COMPANY, INC. [HRRC]"
HRSX,Hawaiian Railway Society [HRSX]
HRT,Hartwell Railroad Company [HRT]
HSR,"Hainesport Secondary, LLC [HSR]"
HSRR,"Hardin Southern Railroad, Incorporated [HSRR]"
HSW,Helena Southwestern Railroad Company [HSW]
HUTT,HUTCHINSON TRANSPORTATION [HUTT]
HVMV,Hoosier Valley Railroad Museum [HVMV]
HVRX,Heber Valley Railroad Utah [HVRX]
HVSR,Hocking Valley Scenic Railway [HVSR]
HWRV,Hiwassee River Railroad [HWRV]
IAIS,Iowa Interstate Railroad [IAIS]
IAMR,Iowa & Middletown Railway  [IAMR]
IANR,Iowa Northern Railway Company [IANR]
IANW,Iowa Northwestern Railroad [IANW]
IARR,Iowa River Railroad Inc [IARR]
IATR,Iowa Traction Railway Company [IATR]
IATX,IMF-ALLIANCE-TX [IATX]
IC,Illinois Central Railroad Company [IC]
ICCZ,International Mineral Corporation [ICCZ]
ICG,Illinois Central Gulf Railroad Company [ICG]
ICRK,Indian Creek Railroad Company [ICRK]
IDCZ,Industrial Development Co-op Clinton County [IDCZ]
IERR,Indiana Eastern Railroad LLC [IERR]
IHB,Indiana Harbor Belt Railroad Company [IHB]
IHRC,Indiana Hi-Rail Corporation [IHRC]
IHTR,Iron Horse Terminals [IHTR]
ILW,Illinois Western Railroad Company [ILW]
IM,IM   Industry [IM]
IMR,Itawamba Mississippian Railroad LLC [IMR]
IMRR,Illinois & Midland Railroad Inc. [IMRR]
IN,"INDIANA NORTHEASTERN RAILROAD COMPANY, INC. [IN]"
INCR,INDIANA CORRIDOR RAIL [INCR]
INDZ,Industrial Park [INDZ]
INPR,Idaho Northern & Pacific Railroad Company [INPR]
INRD,Indiana Rail Road Company [INRD]
INTS,Interlake Steel [INTS]
IORY,Indiana & Ohio Railway [IORY]
IPCE,International Paper - Eastover [IPCE]
IR,"Illinois Railway, LLC. [IR]"
IRM,Indiana Railway Museum [IRM]
IRTV,"Inter-Rail Transportation, Inc. [IRTV]"
IRYM,Illinois Railway Museum [IRYM]
ISRR,"INDIANA SOUTHERN RAILROAD COMPANY, INC. [ISRR]"
ISRY,Iowa Southern Railway Co. [ISRY]
ISSR,"Iss Rail, Inc. [ISSR]"
ISW,Indiana Southwestern Railway Company [ISW]
ITC,Illinois Terminal Railroad [ITC]
ITHR,Ithaca Central Railroad [ITHR]
ITKC,Interrail Transport of Kansas City [ITKC]
ITMZ,Indiana Transportation Museum [ITMZ]
ITSL,"ITS Technologies & Logistics, LLC. [ITSL]"
JAIL,Jackson & Lansing Railroad Company [JAIL]
JBCZ,Jack Bean Co. [JBCZ]
JCAX,Johnson County Airport Commission [JCAX]
JCIV,"Jacintoport International, LP [JCIV]"
JCIX,Johnson County Industrial Airport Railway [JCIX]
JCLS,"JONES CHEMICALS, INC. [JCLS]"
JEC,Jefferson Energy Companies [JEC]
JERX,JOPPA & EASTERN RAILROAD COMPANY [JERX]
JL,Jones And Laughlin Steel [JL]
JRCZ,J. R. Chatham Co. [JRCZ]
JSC,Johnstown And Stony Creek Railroad Company [JSC]
JSRW,Jersey Southern Railway [JSRW]
JVRR,Juniata Valley Railroad Company [JVRR]
JXP,Jacksonville Port Terminal Railroad L.L.C.  [JXP]
KAW,Kaw River Railroad [KAW]
KAZ,Knight Arnold [KAZ]
KBSR,"Kankakee, Beaverville & Southern Railroad Company [KBSR]"
KC,Kanawha Central Railway Company [KC]
KCCZ,Kaiser Cement Company [KCCZ]
KCHZ,Kerley Chemical [KCHZ]
KCNW,Kelly's Creek & Northwestern Railroad Company [KCNW]
KCS,Kansas City Southern Railway Company [KCS]
KCT,Kansas City Terminal Railway Company [KCT]
KCTL,Kansas City Transportation Co LLC [KCTL]
KCTV,KCT Railway Corporation [KCTV]
KERX,Kentucky River Coal Company [KERX]
KEZ,Kiester Elevator [KEZ]
KFR,Kettle Falls International Railway LLC [KFR]
KGTR,"Kingman Terminal Railroad, LLC [KGTR]"
KIZ,Kemira Industries [KIZ]
KJR,Kiski Junction Railroad [KJR]
KJRY,Keokuk Junction Railway [KJRY]
KKRR,Knox & Kane Railroad Company [KKRR]
KKRX,Kaskaskia Regional Port District [KKRX]
KLSC,"KALAMAZOO, LAKE SHORE & CHICAGO RAILWAY [KLSC]"
KLT,Knob Lake & Timmins Railway Company Inc.  [KLT]
KNOR,Klamath Northern Railway Company [KNOR]
KNWA,Kanawha River Railroad [KNWA]
KO,"Kansas and Oklahoma Railroad, LLC [KO]"
KOCZ,Koch Refining Company [KOCZ]
KRC,Keewaitin Railway Company [KRC]
KRCX,"Kokomo Rail Company, Incorporated [KRCX]"
KRIZ,Kramer Industry [KRIZ]
KRM,Kentucky Railway Museum [KRM]
KRMX,"Kershaw Manufacturing Company, Inc. [KRMX]"
KRR,Kiamichi Railroad Company LLC [KRR]
KRRC,Kaskaskia River Railroad Company [KRRC]
KRSM,KEOLIS COMMUTER SERVICES [KRSM]
KRSV,"Keolis Rail Services Virginia, LLC [KRSV]"
KSH,"Kinston & Snow Hill Railroad Co., Inc. [KSH]"
KSRX,KSRX Industry [KSRX]
KT,Kentucky & Tennessee Railway [KT]
KTR,Kendallville Terminal Railway Co. [KTR]
KWT,"K.W.T. RAILWAY, INC. [KWT]"
KXHR,"Knoxville & Holston River Railroad Company, Inc. [KXHR]"
KYLE,Kyle Railroad Company [KYLE]
LACX,Goodyear Tire And Rubber Co. [LACX]
LACZ,Los Angeles County Metropolitan Trans Authority [LACZ]
LAJ,Los Angeles Junction Railway Company [LAJ]
LAL,"Livonia, Avon & Lakeville Railroad Corporation [LAL]"
LANO,LANCASTER NORTHERN RAILWAY [LANO]
LARZ,Little America Refinery [LARZ]
LAS,Louisiana Southern [LAS]
LBR,Lowville & Beaver River Railroad Company [LBR]
LBWR,"Lubbock & Western Railway, LLC [LBWR]"
LC,Lancaster & Chester Railway Company [LC]
LCHD,Lake Charles Harbor District [LCHD]
LCRA,Lackawanna County Railroad Authority [LCRA]
LCRC,"Lenawee County Railroad Company, Incorporated [LCRC]"
LCRI,Long Creek Railroad Company Inc. [LCRI]
LCSR,"Leadville, Colorado & Southern Railroad, Company [LCSR]"
LDLV,Lodestar Logistics [LDLV]
LDRR,LOUISIANA DELTA RAILROAD [LDRR]
LEAZ,Leaseway [LEAZ]
LECZ,Loveland Elevator Company [LECZ]
LER,"LOGANSPORT & EEL RIVER SHORT LINE CO., INC. [LER]"
LERM,Logansport and Eel River Museum [LERM]
LFIZ,Litchfield Industrial Railroad [LFIZ]
LI,Long Island Rail Road [LI]
LIRC,Louisville & Indiana Railroad Company [LIRC]
LIRR,Lapeer Industrial Railroad [LIRR]
LKP,Lahaina Kaanapoli And Pacific [LKP]
LKRR,Little Kanawha River Rail [LKRR]
LLR,"Lake Line Railroad, Inc. [LLR]"
LMAX,Lenar Marie Island [LMAX]
LMIC,Lake Michigan & Indiana Railroad Company [LMIC]
LMMV,Lebanon Mason Monroe Railroad [LMMV]
LMR,Last Mountain Railway [LMR]
LNAL,"Louisville, New Albany & Corydon Railroad [LNAL]"
LNE,Lehigh And New England RW Co [LNE]
LNO,Laona & Northern Railway [LNO]
LNVT,Landisville Terminal & Transfer Company [LNVT]
LNW,Louisiana & North West Railroad Company [LNW]
LR,LANDISVILLE RAILROAD [LR]
LRP,LRP  Railroad [LRP]
LRPA,Little Rock Port Railroad Company [LRPA]
LRS,Laurinburg & Southern Railroad Company [LRS]
LRWN,"Little Rock & Western Railway, L.P. [LRWN]"
LRWY,LEHIGH RAILWAY [LRWY]
LS,Longview Switching [LS]
LSCZ,Liquid Sugar Co. [LSCZ]
LSI,Lake Superior & Ishpeming Railroad Company [LSI]
LSIZ,LONE STAR INDUSTRIES BUZZI UNICEM [LSIZ]
LSMR,Lake Superior & Mississippi Railroad [LSMR]
LSMT,Lake Superior Railroad Museum [LSMT]
LSR,Leelanau Scenic Railroad [LSR]
LSRC,Lake State Railway Company [LSRC]
LSRX,Lake Shore Railway [LSRX]
LSTX,Louisiana Steam Train Association [LSTX]
LSX,LUZERNE & SUSQUEHANNA RAILWAY [LSX]
LT,Lake Terminal Railroad Company [LT]
LTBS,Little Traverse Bay Scenic Railroad [LTBS]
LTCZ,Lilly-Tulip Corp. [LTCZ]
LUBZ,Luria Brothers [LUBZ]
LUN,LUDINGTON & NORTHERN RAILWAY [LUN]
LVOR,Live Oak Railroad [LVOR]
LVR,"Landisville Railroad, LLC [LVR]"
LVRR,Lycoming Valley Railroad Company [LVRR]
LVRX,Lehigh Valley Rail Management [LVRX]
LVSW,Longview Switching Company [LVSW]
LVZ,Lykens Valley [LVZ]
LW,Louisville & Wadley Railway Company [LW]
LWAT,Lake Whatcom Railway [LWAT]
LWCX,Landwell Company [LWCX]
LWV,Lackawanna And Wyoming Valley RW CO [LWV]
LXOH,LEXINGTON & OHIO RAILROAD COMPANY INC [LXOH]
LXVR,"LUXAPALILA VALLEY RAILROAD, INC. [LXVR]"
LYNX,LYNX Light Rail System [LYNX]
MAA,Magma Arizona Railroad Company [MAA]
MACO,MCCORMICK-ASHLAND CITY & NASHVILLE RR CO. [MACO]
MACZ,MARC Train Service [MACZ]
MADE,Middletown Area Development Enterprise [MADE]
MAMZ,Mid Atlantic Materials [MAMZ]
MAN,"Manning Rail, Inc. [MAN]"
MAPA,Maryland and Pennsylvania Railroad Preservation Society [MAPA]
MARX,Mississippi Alabama Railroad Authority [MARX]
MASZ,Maersk Shipping [MASZ]
MATA,Memphis Area Transit Aurhority [MATA]
MAUP,Port Of Manatee [MAUP]
MAZZ,Mazer Chemical [MAZZ]
MBAX,MASSACHUSETTS BAY COMMUTER RAILROAD [MBAX]
MBRX,Milford-Bennington Railroad Company [MBRX]
MBTA,Massachusetts Bay Transportation Authority [MBTA]
MCCL,Mason City & Clear Lake Electric Railway Historical Society [MCCL]
MCCO,Mobile Chemical Co. [MCCO]
MCCP,Muskogee City-County Port Authority [MCCP]
MCDT,Michigan Department Of Transportation [MCDT]
MCDX,Morris County DOT [MCDX]
MCER,MASSACHUSETTS CENTRAL RAILROAD CORPORATION [MCER]
MCEZ,Merna Co-Op Elevator [MCEZ]
MCHZ,Merckens Chocolate [MCHZ]
MCIZ,Midwest Carbide Inc. [MCIZ]
MCRL,"MASSACHUSETTS COASTAL RAILROAD, LLC [MCRL]"
MCRY,Mid-Continent Railway [MCRY]
MCSA,"Moscow, Camden & San Augustine Railroad [MCSA]"
MCSX,Music City Starr [MCSX]
MCZ,Monsanto Corporation [MCZ]
MDDE,Maryland & Delaware Railroad Company [MDDE]
MDRY,Midlands Railway [MDRY]
MDS,Meridian Southern Railway LLC [MDS]
MDT,Maryland Dept. Of Transportation [MDT]
MDTT,Maine Department Of Transportation [MDTT]
MDTZ,Midtec [MDTZ]
MDW,"Minnesota, Dakota & Western Railway Company [MDW]"
ME,"MORRISTOWN & ERIE RAILWAY, INC. [ME]"
MEC,Maine Central Railroad Company [MEC]
MESZ,Mehan Service [MESZ]
MET,Modesto & Empire Traction Company [MET]
METC,Metropolitan Council [METC]
METW,Municipality Of East Troy [METW]
MFAZ,MFA Industries [MFAZ]
MFPZ,McFarland Pole [MFPZ]
MG,Mobile & Gulf Railroad Company [MG]
MGLX,Metro Gold LIne [MGLX]
MGRI,"M. G. Rail, Incorporated [MGRI]"
MGRZ,"MERCHANT'S GRAIN RAIL, INC. [MGRZ]"
MH,Mount Hood Railway Company [MH]
MHC,"Mohall Central Railroad, Inc. [MHC]"
MHSF,Morehead & South Fork Railroad Co. Inc. [MHSF]
MHWA,"Mohawk, Adirondack & Northern Railroad Corporation [MHWA]"
MICZ,Mid Iowa Coop [MICZ]
MID,Midway Railroad Company [MID]
MIDH,Middletown & Hummelstown Railroad Company [MIDH]
MIEZ,Midwest Energy [MIEZ]
MIGN,MICHIGAN NORTHERN RAILWAY COMPANY [MIGN]
MILW,"Chicago, Milwaukee, St. Paul & Pacific Railroad [MILW]"
MISS,"MISSISSIPIAN RAILWAY, INC. [MISS]"
MITM,Michigan Transit Museum [MITM]
MIZ,Menderhall Inc. [MIZ]
MJ,Manufacturers' Junction Railway Company [MJ]
MMCZ,M & M Corporation [MMCZ]
MMID,"Maryland Midland Railway, Incorporated [MMID]"
MMIZ,Montana Merchandizing Industry [MMIZ]
MMR,Minnesota & Manitoba Railroad [MMR]
MMRR,Mid-Michigan Railroad Company [MMRR]
MMT,Mission Mountain Railroad [MMT]
MNA,"MISSOURI & NORTHERN ARKANSAS RAILROAD, INC. [MNA]"
MNBR,M & B RAILROAD LLC [MNBR]
MNC,Missouri North Central Railroad [MNC]
MNCW,Metro North Commuter Railroad Company [MNCW]
MNGX,Maine Narrow Gauge Railroad [MNGX]
MNJ,Middletown & New Jersey Railroad LLC [MNJ]
MNN,"MINNESOTA NORTHERN RAILROAD, INC. [MNN]"
MNNR,Minnesota Commercial Railway [MNNR]
MNR,Maine Northern Railway Company [MNR]
MNTX,Minnesota Transportation Museum [MNTX]
MOC,Missouri Central Railroad [MOC]
MOLZ,Molasses Industry [MOLZ]
MONZ,Montgomery County [MONZ]
MOPH,Motive Power - Houston [MOPH]
MOR,"MOR, LLC [MOR]"
MOTV,MOTIVE RAIL [MOTV]
MOWZ,Motor Wheel [MOWZ]
MPLX,MINNESOTA PRAIRIE LINE [MPLX]
MPP,Manitou & Pike's Peak Railroad Company [MPP]
MQT,Marquette Rail LLC [MQT]
MRA,"Mineral Range, Inc. [MRA]"
MRAA,MODOC Railroad Academy [MRAA]
MRCO,Madison Railway Company [MRCO]
MRCZ,Moorman Company [MRCZ]
MREZ,Milk River Elevator [MREZ]
MRI,"Mohall Railroad, Inc. [MRI]"
MRL,Montana Rail Link [MRL]
MRLS,MISSION RAIL LOGISTIC SERVICES [MRLS]
MRMZ,Monticello Railway Museum [MRMZ]
MRSR,Mt. Rainier Railroad & Logging Museum [MRSR]
MRSX,Military Ocean Terminal Railroad At Sunny Point [MRSX]
MRTV,Metro Regional Transit Authority [MRTV]
MS,MICHIGAN SHORE RAILROAD [MS]
MSCI,Mississippi Central Railroad Company [MSCI]
MSDR,Mississippi Delta Railroad [MSDR]
MSE,Mississippi Export Railroad Company [MSE]
MSN,Meeker Southern Railroad [MSN]
MSO,"MICHIGAN SOUTHERN RAILROAD COMPANY, INC. [MSO]"
MSR,Mississippi Southern Railroad [MSR]
MSTP,Michigan State Trust For Railway Preservation [MSTP]
MSTR,Massena Terminal Railroad Company [MSTR]
MTA,METROPOLITAN. TRANSPORTATION AUTHORITY -- NEW YORK [MTA]
MTAV,Metro Regional Transit Authority [MTAV]
MTAX,Mass Transit Administration [MTAX]
MTC,Mackinac Transportation Company [MTC]
MTDB,Metropolitan Transit Development Board [MTDB]
MTHX,Metropolitan Transit Authority of Harris County Texas [MTHX]
MTNR,Mississippi Tennessee Railroad LLC [MTNR]
MTZZ,Marine Terminal [MTZZ]
MUCZ,Murphy Company [MUCZ]
MVFQ,MVFQ Industry [MVFQ]
MVRA,Minnesota Valley Regional Rail Authority [MVRA]
MVRY,Mahoning Valley Railroad Company [MVRY]
MVT,"MOUNT VERNON TERMINAL RAILWAY, INC. [MVT]"
MWIQ,MEAD WESTRACO INC. [MWIQ]
MWRZ,Metropolitan Water Reclamation District [MWRZ]
MZL,"Minnesota Zephyr, Limited [MZL]"
NACZ,Northwest Alloy Company [NACZ]
NAP,"Narragansett Pier Railroad Company, Incorporated [NAP]"
NARZ,North Alabama Railroad Museum [NARZ]
NAUG,Naugatuck Railroad Company Incorporated [NAUG]
NAZ,North American Co. [NAZ]
NBER,Nittany & Bald Eagle [NBER]
NBMR,NBM Rail Services [NBMR]
NBSR,"New Brunswick Southern Railway Company, LTD [NBSR]"
NBZ,National By-Products [NBZ]
NCDX,North County Transit District [NCDX]
NCEZ,New Co-Op Elevator [NCEZ]
NCIR,New Castle Industrial Railroad [NCIR]
NCMX,NORTH CAROLINA TRANSPORTATION MUSEUM FOUNDATION [NCMX]
NCPR,North Carolina Ports Railway [NCPR]
NCR,NORTHERN CENTRAL RAILWAY CO. [NCR]
NCRA,Northern Central Railroad [NCRA]
NCRC,Nebraska Central Railroad [NCRC]
NCRR,North Coast Railroad [NCRR]
NCT,North Charleston Terminal Company [NCT]
NCTC,North County Transportation District- Coaster [NCTC]
NCTS,North County Transportation Distrcit- Sprinter [NCTS]
NCVA,North Carolina & Virginia Railroad Company [NCVA]
NDCR,N. D. C. Railroad Company [NDCR]
NDW,"MICHIGAN SOUTHERN RAILROAD COMPANY  (D.B.A. - NAPOLEON, DEFIANCE & WESTERN RAILWAY) [NDW]"
NEC,Northeast Corridor (AMTRAK) [NEC]
NECR,New England Central Railroad [NECR]
NEFZ,New Fand Plant [NEFZ]
NEGS,"NEW ENGLAND SOUTHERN RAILROAD COMPANY, INC. [NEGS]"
NEPZ,New England Produce Center [NEPZ]
NERR,Nashville & Eastern Railroad Corp [NERR]
NFTA,Niagara Falls Transit Authority [NFTA]
NHCR,"NEW HAMPSHIRE CENTRAL RAILROAD, INC. [NHCR]"
NHDX,NHDX Industry [NHDX]
NHN,New Hampshire North Coast Railroad [NHN]
NHRR,New Hope & Ivyland Rail Road [NHRR]
NHVT,New Hampshire & Vermont Railroad Company [NHVT]
NHVX,NEW HOPE VALLEY RAILWAY OPERATED BY NORTH CAROLINA RAILROAD MUSEUM [NHVX]
NICD,Northern Indiana Commuter Transportation District [NICD]
NICX,Niles Canyon Railway [NICX]
NIRC,NORTHEAST ILLINOIS REGIONAL COMMUTER RAIL CORP. -- METRA [NIRC]
NITZ,Norfolk International Terminal [NITZ]
NIZ,Nalleys Inc [NIZ]
NJ,Napierville Junction Railway Company [NJ]
NJRC,"New Jersey Rail Carrier, LLC. [NJRC]"
NJSL,"New Jersey Seashore Lines, Inc. [NJSL]"
NJT,NJ Dept. Of Transportation [NJT]
NJTL,New Jersey Transit Newark Light Rail [NJTL]
NJTR,New Jersey Transit Rail Operations [NJTR]
NKCR,"Nebraska, Kansas, Colorado Railnet [NKCR]"
NLA,North Louisiana & Arkansas Railroad [NLA]
NLR,Northern Lines Railway LLC [NLR]
NLRL,Northern Lights Rail Ltd. [NLRL]
NMCZ,Northshore Mining Company [NMCZ]
NMRX,New Mexico Rail Runner Express [NMRX]
NMSX,New Mexico Stean Locomotive and RR Hist. Sociaty [NMSX]
NN,NORTHERN NEVADA RAILROAD CORP. [NN]
NNBR,NEWPORT & NARRAGANSETT BAY RAILROAD [NNBR]
NNQ,NNQ  Industry [NNQ]
NNRX,Nevada Northern Railway [NNRX]
NNW,"Nebraska Northwestern Railroad, Inc. [NNW]"
NOGC,New Orleans & Gulf Coast Railway Company Inc. [NOGC]
NOKL,Northwestern Oklahoma Railroad Company [NOKL]
NOPB,New Orleans Public Belt Railroad [NOPB]
NOUP,New Orleans Union Passenger Terminal [NOUP]
NOW,"Northern Ohio & Western Railway, LTD. [NOW]"
NPB,Norfolk & Portsmouth Belt Line Railroad Company [NPB]
NPHR,Nickel Plate Heritage Railroad  [NPHR]
NPR,"Northern Plains Railroad, Inc. [NPR]"
NPRC,Nevada Pacific Railroad Company [NPRC]
NPSZ,National Park Service - Massachusetts [NPSZ]
NPZ,Nevamar Plastic [NPZ]
NRAO,National Radio Astronomy Observatory [NRAO]
NRTX,"Regional Transportation Authority-Nashville, TN [NRTX]"
NS,Norfolk Southern Railway Company [NS]
NSCR,Northstar Corridor Rail [NSCR]
NSHR,North Shore Railroad [NSHR]
NSIZ,NSP Industries [NSIZ]
NSR,Newburgh & South Shore Railroad [NSR]
NSRX,Railroading Heritage of Midwest America Inc. [NSRX]
NSSR,North Shore Scenic Railroad [NSSR]
NTCZ,Nello Teer Company [NTCZ]
NTZ,National Taconite [NTZ]
NTZR,"Natchez Railway, Inc. [NTZR]"
NUSZ,Nucor Steel [NUSZ]
NVRR,Napa Valley Railroad [NVRR]
NVSV,Nevada Southern Railway [NVSV]
NVWT,Napa Valley Wine Train [NVWT]
NWP,Northwestern Pacific Railroad Company [NWP]
NWR,Nashville & Western Railroad Corporation [NWR]
NWSX,Neighbor Weapon Station [NWSX]
NYA,New York & Atlantic Railway Company [NYA]
NYAR,NYAR Industry [NYAR]
NYCT,New York Container Terminal [NYCT]
NYLE,New York & Lake Erie [NYLE]
NYNJ,New York New Jersey Rail LLC [NYNJ]
NYOG,New York & Ogdensburg Railway Company Inc. [NYOG]
NYSW,"New York, Susquehanna & Western Railroad Company [NYSW]"
OAR,Old Augusta Railroad Company [OAR]
OC,Olin Corporation [OC]
OCCZ,Occudemal Chemical Co. [OCCZ]
OCE,"Oregon, California & Eastern Railway Company [OCE]"
OCSR,Oregon Coast Scenic Railroad [OCSR]
OCTL,Oil Creek & Titusville Lines [OCTL]
ODOT,Oklahoma Department Of Transportation [ODOT]
OERR,Oregon Eastern Railroad [OERR]
OERY,Orange Empire Railway Museum [OERY]
OGRE,Oakland Global Rail Enterprise [OGRE]
OHCR,Ohio Central Railroad Company [OHCR]
OHIC,OHI-RAIL CORPORATION [OHIC]
OHIO,Ohio Terminal Railway Co. [OHIO]
OHRY,"OWEGO & HARFORD RAILWAY, INC. [OHRY]"
OKGE,Oklahoma General Electric [OKGE]
OKRX,Oklahoma Railway Museum Ltd [OKRX]
OLB,"Omaha, Lincoln & Beatrice Railway Company [OLB]"
OLTX,Over Land Trucking and Rail [OLTX]
OMCZ,Okeene Milling Company [OMCZ]
OMID,Ontario Midland Railroad Corporation [OMID]
OMTX,OmniTrax Switching Services [OMTX]
ONCT,Ontario Central Railroad Corporation [ONCT]
ONWX,Orlando & Northwestern Railway [ONWX]
OPR,Oregon Pacific Railroad Company [OPR]
OPT,Orange Port Terminal Railway [OPT]
ORC,Ogeechee Railroad Company [ORC]
ORDC,Ohio Rail Development Commission [ORDC]
ORHS,Orrville Railroad Heritage Society [ORHS]
ORM,ORM  Industry [ORM]
ORUZ,Orlando Utilities Commission [ORUZ]
OSRR,Ohio Southern Railroad Company [OSRR]
OTR,Oakland Terminal Railway [OTR]
OTVR,"OTTER TAIL VALLEY RAILROAD COMPANY, INC. [OTVR]"
OUCH,Ouachita Railroad [OUCH]
OUCZ,Ozark Utilities Company [OUCZ]
OVR,Ohio Valley Railroad Company [OVR]
OVRA,Ottawa Valley Railway [OVRA]
OVRR,Ozark Valley Railroad Inc. [OVRR]
OWCZ,Omack Wood Company [OWCZ]
OYLO,"Olympia & Belmore Railroad, Inc. [OYLO]"
PAAC,Port Authority of Allegheny County [PAAC]
PACZ,Paper Calmenson [PACZ]
PAL,Paducah & Louisville Railway Company [PAL]
PAM,"Pittsburgh, Allegheny & Mckees Rocks Railroad [PAM]"
PARN,Pacific & Arctic Railroad & Navigation Company [PARN]
PARZ,Park Industries [PARZ]
PAS,"Pan Am Southern, LLC. [PAS]"
PATH,Port Authority Trans Hudson [PATH]
PBL,Philadelphia Belt Line Railroad Company [PBL]
PBPZ,Pittsburgh Paints [PBPZ]
PBRF,Pueblo Railroad Museum [PBRF]
PBRW,Permian Basin Railway [PBRW]
PBVR,Port Bienville Railroad [PBVR]
PCA,Planters Coop Association [PCA]
PCAQ,PCAQ Industry [PCAQ]
PCBX,"Rail Link, Inc. – Port of Caddo-Bossier [PCBX]"
PCC,"Palouse River & Coulee City Railroad, LLC [PCC]"
PCDX,PITTSBURGH & CONNEAUT DOCK COMPANY [PCDX]
PCJX,Peninsula Corridor Joint Powers Board [PCJX]
PCLZ,Plum Creek Lumber [PCLZ]
PCMZ,Caltrain Commuter Railroad Company [PCMZ]
PCN,POINT COMFORT & NOWTHERN RWY CO. [PCN]
PCPA,Pemiscot County Port Authority [PCPA]
PCPZ,"Petro-Chem Processing, Inc [PCPZ]"
PCSZ,Pacific Standard Corporation [PCSZ]
PCTZ,Plum Creek Timber [PCTZ]
PDCM,PHELPS DODGE CORP. -- MORENCI AZ [PDCM]
PDCN,"PHELPS DODGE CORP. -- NEW CORNELIA MINE, AJO AZ"" [PDCN]"
PDOT,Commonwealth Of Pennsylvania [PDOT]
PDRR,Pee Dee River Railway Corporation [PDRR]
PEMZ,PRATTA ELECTRONIC MATERIALS INC. [PEMZ]
PESX,Potomac Eagle Scenic Rail Excursion [PESX]
PG,Proctor And Gamble [PG]
PGBX,Port of Greater Baton Rouge [PGBX]
PGFZ,Pabco Gypsum Fiber Board [PGFZ]
PGR,"PROGRESSIVE RAIL, INC. [PGR]"
PHL,"PACIFIC HARBOR LINE, INC. [PHL]"
PHRR,"Port Harbor Railroad, Inc. [PHRR]"
PI,Paducah & Illinois Railroad Company [PI]
PICK,PICKENS RAILWAY CO. [PICK]
PICZ,Plymouth Industry Complex [PICZ]
PILL,Pillbury Company [PILL]
PIRL,"Peru Industrial Railroad, LLC [PIRL]"
PIZ,Pfizer Inc. [PIZ]
PJR,Port Jersey Railroad Company [PJR]
PJRL,Penn Jersey Rail Lines Inc. [PJRL]
PL,Pacific Lumber [PL]
PLA,PACIFIC LOCOMOTIVE ASSOCIATION [PLA]
PLE,PITTSBURGH & LAKE ERIE RAILROAD COMPANY [PLE]
PLL,Plymouth & Lincoln [PLL]
PLLX,"Pike Letcher Land Company, Inc. [PLLX]"
PLM,Producers Livestock Marketing Association [PLM]
PMKX,Port of Muskogee Railroad [PMKX]
PMSW,Plainsman Switching Company [PMSW]
PMZ,Prenter Mine [PMZ]
PN,"Pennsylvania Northeastern Railroad, LLC [PN]"
PNR,Panhandle Northern Railroad Company [PNR]
PNRA,Pennsylvania Northeast Regional Authority [PNRA]
PNRC,Pioneer Railcorp [PNRC]
PNRW,"Piedmont & Northern Railroad, LLC [PNRW]"
PNW,Prescott & Northwestern Railroad Company [PNW]
PNWR,"Portland & Western Railroad, Inc. [PNWR]"
POAK,Port Of Oakland [POAK]
POCA,PORT OF CATOOSA TERMINAL RAILROAD [POCA]
POHC,"Pittsburgh & Ohio Central Railroad Company, The [POHC]"
POMR,Port of Morrow Railroad [POMR]
POMT,Port of Montana [POMT]
PORD,Port of Richmond [PORD]
POSX,Port Of Sacramento [POSX]
POSZ,Post [POSZ]
POVA,"PEND OREILLE VALLEY RAILROAD, INC. [POVA]"
PP,"Publishers Paper, Newb. Division [PP]"
PPBD,Port Of Palm Beach Terminal [PPBD]
PPG,PITTSBURGH PLATE GLASS -- OHIO [PPG]
PPLZ,Pennsylvania Power And Light [PPLZ]
PR,Palmetto Railways [PR]
PRCL,Pola Red Car Line [PRCL]
PRGS,PROGRESS RAIL SERVICES [PRGS]
PRIX,Pro Rail Incorporated [PRIX]
PRL,Penn Eastern Rail Lines Incorporated [PRL]
PRPX,Pacific Railroad Preservation Association [PRPX]
PRRX,Powell River Railroad Company [PRRX]
PRSX,Pacific Rail Services [PRSX]
PRT,PARR TERMINAL RAILROAD [PRT]
PRTD,Portland Traction Company [PRTD]
PRTZ,Packer River Terminal [PRTZ]
PRY,Pioneer Industrial Railway Company [PRY]
PSAN,Port San Antonio [PSAN]
PSAP,Puget Sound & Pacific Railroad Company [PSAP]
PSC,PYCO Industries Inc. [PSC]
PSCC,"Pennsylvania & Southern Railway, LLC [PSCC]"
PSDX,Port of San Diego [PSDX]
PSR,PSR  Railroad [PSR]
PSRM,PACIFIC SW RAILWAY MUSEUM -- SAN DIEGO RAILROAD MUSEUM [PSRM]
PSRR,"Pacific Sun Railroad, LLC [PSRR]"
PSVR,Placerville and Sacramento Valley RR Inc. [PSVR]
PSWR,"Pennsylvania Southwestern Railroad, Inc. [PSWR]"
PT,Peninsula Terminal Company [PT]
PTCZ,Port Continental [PTCZ]
PTEZ,Proler Terminal 115 [PTEZ]
PTM,Portland Terminal Company [PTM]
PTMI,"PENNSYLVANIA TROLLEY MUSEUM, INC. [PTMI]"
PTO,PORTLAND TERMINAL -- OREGON [PTO]
PTRA,Port Terminal Railroad Association [PTRA]
PTRI,PORT RAIL INC [PTRI]
PTUC,Port of Tucson [PTUC]
PUPZ,Puget Power [PUPZ]
PVJR,Portland Vancouver Junction Railroad [PVJR]
PVRR,"PIONEER VALLEY RAILROAD COMPANY, INC. [PVRR]"
PVS,Pecos Valley Southern Railway Company [PVS]
PVTX,Plate Valley Trolley [PVTX]
PW,Providence & Worcester Railroad Company [PW]
PWCV,Pan Western Corporation [PWCV]
PWZ,Pioneer Warehouse [PWZ]
QGRY,QUEBEC GATINEAU RAILWAY [QGRY]
QIZ,Quality Industry [QIZ]
QRR,Quincy Railroad Company [QRR]
QUON,Quonset Development Corporation [QUON]
RAFX,Richmond Auto Facility [RAFX]
RAJX,RAIL LOGIX ALAMO JUNCTION LLC [RAJX]
RALI,Rail Link Inc. [RALI]
RAMX,Rail America Limited [RAMX]
RASX,RAIL SERVE PLANT A & B AND CHEVRON [RASX]
RBMN,READING BLUE MOUNTAIN & NORTHERN RAILROAD COMMISSION [RBMN]
RBOZ,RBI Oletex [RBOZ]
RBRM,R Bult Rail Lines Corp [RBRM]
RBX,"Ringling Brothers, Barnum & Bailey Circus [RBX]"
RCIZ,Raritan Center [RCIZ]
RCPE,"Rapid City, Pierre & Eastern Railroad, Inc. [RCPE]"
RCRY,Raritan Central Railway LLC [RCRY]
RCSS,RailAmerica Contract Switching Services [RCSS]
RCXM,Rescar Location 715 Switching [RCXM]
RDOT,Rhode Island Dot [RDOT]
RDSZ,"R. R. Donnelly & Sons, Co. [RDSZ]"
REDZ,Redmond Industry [REDZ]
RERX,Reader Railroad [RERX]
RETZ,Reilly Tar [RETZ]
REVC,Revolution Rail Co [REVC]
REXP,Rail Explorers [REXP]
REZ,Ralston Elevator [REZ]
RFP,"Richmond, Fredericksburg & Potomac Railway [RFP]"
RGEQ,ROCHESTER GAS & EIECTRIC COMPANY [RGEQ]
RISZ,Riley Spur [RISZ]
RJAL,"RJ Corman Railroad Company/Childersburg Line, LLC [RJAL]"
RJCA,R. J. CORMAN SWITCHING COMPANY [RJCA]
RJCC,R. J. Corman Railroad Co/Central Kentucky Lines [RJCC]
RJCD,"R. J. CORMAN RAILROAD COMPANY/TEXAS LINES, LLC [RJCD]"
RJCK,R. J. CORMAN RAILROAD COMPANY/TENNESSEE TERMINAL LLC [RJCK]
RJCL,R. J. Corman Railroad Company/Cleveland Line [RJCL]
RJCM,R. J. Corman Railroad Company/Memphis Line [RJCM]
RJCN,"R. J. Corman Railroad Co./Allentown Lines, Inc. [RJCN]"
RJCP,"R. J. Corman Railroad Company/Pennsylvania Lines, Inc. [RJCP]"
RJCR,R. J. Corman Railroad Corp./Bardstown Line [RJCR]
RJCS,R. J. CORMAN CAROLINA SOUTHERN [RJCS]
RJCV,R. J. Corman Railroad Company/WV Line [RJCV]
RJCW,"R. J. Corman, Western Ohio Line [RJCW]"
RLAX,"Rail Logix Ameriport, LLC [RLAX]"
RLGX,Rail Logix L.P. [RLGX]
RLLX,"Rail Logix Lacassine, LLC [RLLX]"
RLST,RAIL LINK-STUTTGART [RLST]
RMPZ,Ready Mix Plant [RMPZ]
RMRR,Rocky Mountain Railcar & Railroad [RMRR]
RNA,RIPLEY NEW ALBANY [RNA]
RPCZ,Ralston Protein Company [RPCZ]
RPIZ,"Roper Pump, Inc. [RPIZ]"
RPRC,RICHMOND PACIFIC RAILROAD CORPORATION [RPRC]
RRCO,Rochelle Railroad Company [RRCO]
RRCV,Respondek Railroad Corporation [RRCV]
RRRR,Rock & Rail Inc [RRRR]
RRTX,Rat River Transportation Company [RRTX]
RRVW,RED RIVER VALLEY RAILROAD COMPANY [RRVW]
RRWX,SOUTH CAROLINA RAILROAD MUSEUM [RRWX]
RSCZ,Ryerson Steel Company [RSCZ]
RSL,"RSL Railroad, LLC [RSL]"
RSNR,Red Spring & Northern Railroad [RSNR]
RSOR,Riceboro Southern Railway LLC [RSOR]
RSP,"Roscoe, Snyder & Pacific Railway Company [RSP]"
RSR,"ROCHESTER SOUTHERN RAILROAD, INC. [RSR]"
RSSX,"Rail Switching Service, Incorporated [RSSX]"
RT,RIVER TERMINAL RWY CO. [RT]
RTDC,Regional Transit District- Commuter [RTDC]
RTDZ,REGIONAL TRANSPORTATION DISTRICT -- DENVER [RTDZ]
RTRX,Railtown 1897 Railroad [RTRX]
RVPR,RIVERPORT RAILROAD [RVPR]
RVRR,"RIO VALLEY RAILROAD, INC. [RVRR]"
RVSC,Rio Valley Switching Company [RVSC]
RVT,Rogue Valley Terminal Railroad [RVT]
SABX,Shaw Air Force Base [SABX]
SAC,"San Antonio Central Railroad, LLC [SAC]"
SACZ,Santee Cooper [SACZ]
SAFZ,Savannah Food [SAFZ]
SAGZ,Saginaw Mill [SAGZ]
SAIZ,Sealed Air Incorporated [SAIZ]
SAMZ,Sahara Mine [SAMZ]
SAN,Sandersville Railroad Company [SAN]
SANZ,Sangamon Industrial [SANZ]
SAPT,"Savannah Port Terminal Railroad, Inc. [SAPT]"
SARZ,Sargent Corporation [SARZ]
SASI,"SPIRIT AEROSYSTEMS, INC. [SASI]"
SAV,Sacramento Valley Railroad [SAV]
SB,South Buffalo Railway Company [SB]
SBCX,Arrow  [SBCX]
SBD,"Seaboard System Railroad, Incorporated [SBD]"
SBEX,San Bernardino Railway Historical Society [SBEX]
SBG,Savage Bingham & Garfield Railroad Company [SBG]
SBK,SOUTH BROOKLYN RAILWAY COMPANY [SBK]
SBMZ,Sikeston Board of Municipal Utilities [SBMZ]
SBNX,SYRACUSE BINGHAMPTON AND NEW YORK RAILROAD [SBNX]
SBR,"Stourbridge Railway, The [SBR]"
SBS,Saginaw Bay Southern Railway Company [SBS]
SBSX,Shine Brothers Spur [SBSX]
SBVR,South Branch Valley Railroad [SBVR]
SCAX,Southern California Regional Rail Authority [SCAX]
SCBG,"Santa Cruz, Big Tree & Pacific Railroad [SCBG]"
SCCR,South County Commuter Rail [SCCR]
SCCT,Santa Clara County Transit District [SCCT]
SCCZ,Schoenfeld Co. [SCCZ]
SCDT,Sacramento County Department of Transportation [SCDT]
SCFE,SOUTH CENTRAL FLORIDA RAILROAD [SCFE]
SCH,Stony Creek & Hudson Railway [SCH]
SCIH,South Chicago & Indiana Harbor Rwy Co. [SCIH]
SCPB,South Carolina Public Railways Commission [SCPB]
SCR,Sounder Commuter Rail [SCR]
SCRF,"SOUTH CAROLINA CENTRAL RAILROAD COMPANY, INC. [SCRF]"
SCRS,"SO CAL RAMP SERVICES, LLC [SCRS]"
SCRT,Sacramento County Regional Transit District [SCRT]
SCS,Squaw Creek Southern Railroad [SCS]
SCSR,Silver Creek & Stephenson Railroad [SCSR]
SCTR,"SCTRR, LLC (South Central TN Railroad) [SCTR]"
SCX,Santa Cruz and Monterey Bay Railway Co. [SCX]
SCXF,"SOUTH CENTRAL FLORIDA EXPRESS, INC. [SCXF]"
SCXY,St. Croix Valley Railroad Company [SCXY]
SDAC,SUSQUEHANNA ECON. DEV. ADM. COUNCIL OF GOVT. [SDAC]
SDIY,San Diego & Imperial Valley [SDIY]
SDR,Savage Davenport Railroad [SDR]
SDRR,South Dakota Railroad Authority [SDRR]
SDRX,Sound Heavy Rail Transit [SDRX]
SDTI,San Diego Trolley Incorporated [SDTI]
SE,"Semo Port Railroad, Inc. [SE]"
SEPA,Southeastern Pennsylvania Transportation Authority [SEPA]
SEPC,Southwest Electric Power Co. [SEPC]
SERA,SIERRA NORTHERN RAILWAY [SERA]
SERM,SOUTHEASTERN RAILWAY MUSEUM [SERM]
SERX,Southern Electric Railroad [SERX]
SFAZ,Sun Flower Army Ammunition Plants Govt. [SFAZ]
SFBR,San Francisco Bay Railway LLC [SFBR]
SFRV,South Florida Regional Transit Authority [SFRV]
SFS,"SANTA FE SOUTHERN RAILWAY, INC. [SFS]"
SGCZ,Southwest Grain Co. [SGCZ]
SGLR,Seminole Gulf Railroad [SGLR]
SGSC,SGS Petroleum Service Corporation [SGSC]
SH,Steelton & Highspire Railroad [SH]
SHCZ,Skyhaven Coal Company [SHCZ]
SHIP,Shippers Car Line [SHIP]
SHIZ,St. Hilaire Elevator [SHIZ]
SHRX,"Belton, Grandview and Kansas City Railway [SHRX]"
SIM,Southern Illinois & Missouri Bridge Line [SIM]
SIND,"SOUTHERN INDIANA RAILWAY, INC. [SIND]"
SIRC,STATEN ISLAND RAILROAD CORPORATION [SIRC]
SIRE,"Savage Industrial Rail Services, Inc. - Elko [SIRE]"
SIRH,"Savage Industrial Rail Services, Inc. - Henderson [SIRH]"
SIRM,"Savage Industrial Rail Services, Inc. - Scotts [SIRM]"
SIZ,Selloplast Inc. [SIZ]
SJR,"San Jacinto Transportation Co., Inc. [SJR]"
SJVR,San Joaquin Valley Railroad Company [SJVR]
SKOL,South Kansas & Oklahoma Railroad Company [SKOL]
SL,"Salt Lake City Southern Railroad Company, Incorporated [SL]"
SLAL,"South Plains Lamesa Railroad, Ltd. [SLAL]"
SLC,San Luis Central Railroad Company [SLC]
SLGG,"SIDNEY & LOWE RAILROAD, INC. [SLGG]"
SLGW,"Salt Lake, Garfield & Western Railway Company [SLGW]"
SLLX,Saint Louis And Lake Counties Regional Railroad [SLLX]
SLOI,"St. Louis, Iron Mountain, & Southern [SLOI]"
SLQA,St. Lawrence & Atlantic Railroad (Québec) Inc./ Chemin de fer St-Laurent & Atlantique (Québec) inc. [SLQA]
SLR,St. Lawrence & Atlantic Railroad Company [SLR]
SLRG,San Luis & Rio Grande Railroad [SLRG]
SLRS,"SMS Rail Service, Inc. [SLRS]"
SLRV,Salt Lake Rail Services [SLRV]
SLRX,Sweet Line Railroad [SLRX]
SLVR,DART Silverline [SLVR]
SLWC,"Stillwater Central Railroad Company, LLC [SLWC]"
SM,St. Marys Railroad Company [SM]
SMA,San Manuel Arizona Railroad Company [SMA]
SMRC,SAN MANUEL RAILROAD COMPANY [SMRC]
SMRR,Sisseton Milbank Railroad [SMRR]
SMRS,Southern Michigan Railroad Society [SMRS]
SMRT,Sonoma Marin Area Rail Transit [SMRT]
SMV,Santa Maria Valley Railroad Company [SMV]
SMW,St Marys Railway West LLC [SMW]
SMZ,Streamline Mine [SMZ]
SN,Sacramento Northern Railway [SN]
SNC,Saratoga & North Creek Railway [SNC]
SNCT,Seattle & North Coast Railroad Company [SNCT]
SNCX,STEAMTOWN NATIONAL HISTORIC SITE [SNCX]
SNJX,Southern New Jersey Light Rail Group [SNJX]
SNMJ,State of New Mexico [SNMJ]
SNPR,Sierra Nevada & Pacific Railroad [SNPR]
SNR,"Sunflour Railroad, Inc. [SNR]"
SNVX,Snoqualmie Valley Railroad [SNVX]
SNY,"SMS Rail Lines of New York, LLC [SNY]"
SOCO,SOCO WESTERN CHEMICAL COMPANY [SOCO]
SOCZ,Southern Cotton Oil [SOCZ]
SOM,Somerset Railroad Company [SOM]
SOO,SOO Line Railroad Company [SOO]
SOPZ,Sorg Paper Comany [SOPZ]
SOR,Southern Ontario Railway  [SOR]
SPBR,Stockton Public Belt Railroad [SPBR]
SPCC,Southwestern Portland Cement Co. [SPCC]
SPCX,"Springerville & Coronada Railroad, Lines. [SPCX]"
SPCZ,Scott Paper Company [SPCZ]
SPEG,Spencerville & Elgin Railroad Company [SPEG]
SPEZ,South Point Ethanol Co. [SPEZ]
SPIX,Spotsylvania County Industrial Park [SPIX]
SPNW,SP News Print Company [SPNW]
SPP,Saint Paul & Pacific Railroad  [SPP]
SPSR,SAN PEDRO & SOUTHWESTERN RAILROAD COMPANY [SPSR]
SPV,San Pedro  Valley Railroad [SPV]
SPZ,State Port [SPZ]
SQSC,"Sequatchie Switching Co., LLC  [SQSC]"
SRC,Strasburg Railroad Company [SRC]
SRGR,Saratoga Railroad [SRGR]
SRMZ,Sun Refining And Marketing [SRMZ]
SRN,Sabine River & Northern Railroad Company [SRN]
SRNJ,SOUTHERN RAILWAY OF NEW JERSEY [SRNJ]
SRRI,"Scenic RailRiders, Inc. [SRRI]"
SRRR,SWAN RANCH RAILROAD [SRRR]
SS,Sand Springs Railway Company [SS]
SSAM,SAULT STE. MARIE BRIDGE COMPANY [SSAM]
SSC,Southern Switching Company [SSC]
SSHV,"Seaside Holdings, Inc. [SSHV]"
SSIX,"South East Shortline, Incorporated [SSIX]"
SSLV,Southern San Luis Valley Railroad Company [SSLV]
SSMR,Sunshine Mills Railroad [SSMR]
SSP,"Spokane, Spangle and Palouse Railway [SSP]"
SSR,S&S Shortline Railroad [SSR]
SSW,ST. LOUIS SOUTHWESTERN RAILWAY CO. [SSW]
ST,SPRINGFIELD TERMINAL RAILWAY COMPANY -- VERMONT [ST]
STC,Simpson Timber Company [STC]
STCZ,Stauffer Chemical Co. [STCZ]
STE,Stockton Terminal & Eastern Railroad [STE]
STLM,METRO [STLM]
STLV,Stimson Lumber [STLV]
STLZ,Salt Lake City Corporation [STLZ]
STMA,St. Maries River Railroad Company [STMA]
STMX,State Museum [STMX]
STNX,Steamtown National Park [STNX]
STPP,Saint Paul & Pacific Northwest Railroad [STPP]
STPX,South Texas Project Railroad [STPX]
STPZ,Santee Cooper  [STPZ]
STR,Shawnee Terminal Railway Company [STR]
STRT,Stewartstown Railroad Company [STRT]
STS,"Santa Teresa Southern Railroad, LLC [STS]"
SUB,State Subsidy [SUB]
SUVX,Sumpter Valley Railroad [SUVX]
SV,Shenandoah Valley Railroad [SV]
SVHO,"Savannah & Old Fort Railroad, L.L.C. [SVHO]"
SVIZ,Shelbyville Industrial Railroad [SVIZ]
SVRR,Shamokin Valley Railroad Company [SVRR]
SVTX,"Seaview Transportation Co., Inc. [SVTX]"
SW,"SOUTHWESTERN RAILROAD COMPANY, INC. [SW]"
SWCX,Sweetwater Central Railroad [SWCX]
SWGR,"Seagraves, Whiteface & Lubbock Railroad Company [SWGR]"
SWGX,Southwest Georgia Railroad Excursion Authority [SWGX]
SWIZ,Super Wood Inc. [SWIZ]
SWP,Southwest Pennsylvania Railroad Company [SWP]
SYSI,"Savage Yard Services, Inc. [SYSI]"
TAG,"Tennessee, Alabama & Georgia Railway Company [TAG]"
TAMX,"TransitAmerica, LLC [TAMX]"
TARX,Tarantula Railroad Company [TARX]
TASD,Terminal Railway Alabama State Docks [TASD]
TBFR,Transdistribution Brookfield Railroad LLC [TBFR]
TBRY,Thermal Belt Railway [TBRY]
TC,"Temple & Central Texas Railway, Inc. [TC]"
TCB,Texas Central Business Lines Corp [TCB]
TCCX,Tri-county Commuter Rail Authority [TCCX]
TCCZ,Trekker Chemical Company [TCCZ]
TCG,"Tucson, Cornelia & Gila Bend Railroad Company [TCG]"
TCP,Transco Corporation [TCP]
TCRM,Tennessee Central Railway Museum [TCRM]
TCRX,TIOGA CENTRAL RAILROAD [TCRX]
TCRY,Tri-City Railroad Company [TCRY]
TCT,Texas City Terminal Railway Company [TCT]
TCWR,Twin City & Western Railroad [TCWR]
TCZ,TEXACO CHEMICAL [TCZ]
TE,Tacoma Eastern Railway Company [TE]
TECX,Tennessee Central Railroad [TECX]
TENN,TENNESSEE RAILROAD COMPANY [TENN]
TESR,"Texas & Eastern Railroad, LLC. [TESR]"
TEST,TEST RAILROAD [TEST]
TEX,"Texaco, Inc. [TEX]"
TEXR,Tex Rail [TEXR]
TEXU,Texas Utilities General Co [TEXU]
TFQQ,TRANSFLOW [TFQQ]
THAZ,Thompson Hardwood [THAZ]
THEA,Tampa-Hillsborough Couty Expressway Authority [THEA]
TIBR,"Timberrock Railroad Company, LLC [TIBR]"
TINZ,Trane Industry [TINZ]
TISH,"TISHOMINGO RAILROAD COMPANY, INC. [TISH]"
TISZ,Toll Integrated Systems [TISZ]
TKEN,"TENNKEN RAILROAD COMPANY, INC. [TKEN]"
TLCP,Toledo-Lucas County Port Authority [TLCP]
TLE,"Toledo, Lake Erie and Western Railway [TLE]"
TLEW,Toledo Lake Erie & Western Railroad [TLEW]
TM,Texas Mexican Railway Company [TM]
TMBL,Tacoma Municipal Belt Line Railway [TMBL]
TMEV,Tri-Met Westside Express Service [TMEV]
TMIZ,Tilden Mine [TMIZ]
TMNY,Trolley Museum of New York [TMNY]
TMPX,Texas Municipal Power Association [TMPX]
TMTZ,Tioga Marine Terminal [TMTZ]
TMZ,Tindle Mills [TMZ]
TN,Texas & Northern Railway Company [TN]
TNER,Texas Northeastern Division--Mid-Michigan Railroad [TNER]
TNHR,Three Notch Railroad [TNHR]
TNR,TENNRAIL CORPORATION DIVISION OF KANSAS CITY SOUTHERN RAILWAY CO [TNR]
TNTX,Tyner Terminal Railway Company [TNTX]
TOCZ,Tocca Casket Company [TOCZ]
TOE,"Texas, Oklahoma & Eastern RR Co [TOE]"
TOHX,Tennessee Overhill Heritage Association [TOHX]
TOMZ,Trader's Oil Mill [TOMZ]
TPMO,TriMet Portland-Milwaukee-Orange Line [TPMO]
TPR,"Tradepoint Rail, LLC [TPR]"
TPW,"Toledo, Peoria & Western Railway Corporation [TPW]"
TR,"Tomahawk Railway, L.P. [TR]"
TRC,Trona Railway Company [TRC]
TRCZ,Truitt Brothers Cannery [TRCZ]
TRE,TRINITY RAILWAY EXPRESS [TRE]
TRIC,Tahoe Reno Industrial Center [TRIC]
TRIN,"Trinidad Railway, Incorporated [TRIN]"
TRMW,TACOMA RAIL MOUNTAIN DIVISION [TRMW]
TRRA,Terminal Railroad Association Of St. Louis [TRRA]
TRRJ,"Transco Railcar Repair, Inc. [TRRJ]"
TRRR,"Transdistribution Ridgeland Railroad, LLC [TRRR]"
TSHX,Texas State Railroad Historical Park [TSHX]
TSRR,"TENNESSEE SOUTHERN RAILROAD COMPANY, INC. [TSRR]"
TSU,Tulsa-Sapulpa Union Railway Company LLC [TSU]
TSWS,Terminal Switching Services [TSWS]
TT,Toonerville Trolley [TT]
TTIS,"TRANS KENTUCKY TRANSPORTATION RAILROAD, INC. [TTIS]"
TTRZ,Team Track [TTRZ]
TUEX,TU Electric Big Brown Steam Electric Station Rail Spur [TUEX]
TVRM,Tennessee Valley Railroad [TVRM]
TVRR,Tulare Valley Railroad Company [TVRR]
TWRY,TRADEWATER RAILWAY COMPANY [TWRY]
TWTS,Tweetsie Railroad [TWTS]
TXGN,"Texas, Gonzales & Northern Railway Company [TXGN]"
TXN,TEXAS NEW MEXICO RAILWAY [TXN]
TXNW,Texas Northwestern Railway Company [TXNW]
TXOR,Texas & Oklahoma Railroad Company [TXOR]
TXPF,Texas Pacifico Transportation Limited [TXPF]
TXR,Texas Rock Crusher Railway Company [TXR]
TXUX,Texas Utility [TXUX]
TYBR,"Tyburn Railroad, LLC [TYBR]"
TZPR,"Tazewell & Peoria Railroad, Inc. [TZPR]"
UCBZ,United Coop Of Bigelow [UCBZ]
UCCZ,Union Camp Corp. [UCCZ]
UCIR,Union County Industrial Railroad Company [UCIR]
UCRY,Utah Central Railway Company [UCRY]
UCTR,Union City Terminal Railroad [UCTR]
UELZ,United Electric Company [UELZ]
UFCZ,U.S. Fuel Co. [UFCZ]
UFRC,UTA FrontRunner Commuter Rail [UFRC]
UIZ,Ulen Industries [UIZ]
ULCZ,Ulrizh Cement Company [ULCZ]
UMP,Upper Merion & Plymouth Railroad Company [UMP]
UNK,None [UNK]
UO,UNION RR OF OREGON [UO]
UP,Union Pacific Railroad Company [UP]
UPIX,USS - Posco Industries [UPIX]
UPME,Union Pacific Metra [UPME]
URR,"Union Railroad Company, LLC [URR]"
USAF,United States Air Force [USAF]
USAT,UNITED STATES ARMY TRANS. CORP [USAT]
USIZ,United States Silica [USIZ]
USMZ,U. S. Marine [USMZ]
USNY,"U. S. Rail of New York, LLC [USNY]"
USNZ,United States Navy [USNZ]
USRS,U S. Rail/Salem [USRS]
USRZ,U. S. Recycling Company [USRZ]
USSZ,U.S. Sugar Co. [USSZ]
USTG,UNITED STATES GOVERNMENT [USTG]
UTAH,Utah Railway Company [UTAH]
UTAX,Utah Transit Authority [UTAX]
VALE,Valley Railroad Company [VALE]
VC,Virginia Central Railway [VC]
VCRR,Ventura County Railroad Company [VCRR]
VMTR,Valley Metro Rail [VMTR]
VMTX,"Virginia Museum of Transportation, Inc. [VMTX]"
VPAX,Virginia Port Authority [VPAX]
VR,"Valdosta Railway, L.P. [VR]"
VRCX,Vaughan Railroad Company [VRCX]
VREX,Virginia Railway Express [VREX]
VRRC,Vandalia Railroad Company [VRRC]
VSIZ,"Valley Stone, Incorporated [VSIZ]"
VSOR,"Vicksburg Southern Railroad, LLC [VSOR]"
VSR,"V&S Railway, LLC [VSR]"
VTAZ,SANTA CLARA VALLEY TRANSPORTATION AUTHORITY [VTAZ]
VTR,"VERMONT RAILWAY, INC. [VTR]"
VTRN,Virgin Trains [VTRN]
VTRR,"VIRGINIA & TRUCKEE RAILROAD COMPANY, INC. [VTRR]"
VTRW,Nevada Comm. for the Recon of the V&T Railway [VTRW]
VVRR,"Vermillion Valley Railroad Company, Inc. [VVRR]"
WACR,WASHINGTON COUNTY RAILROAD CORPORATION [WACR]
WAKS,"Wannamakers, Kempton And Southern [WAKS]"
WAND,Wisconsin & Michigan Railway Company [WAND]
WAR,Warrenton Rail Road Company [WAR]
WATX,WATCO SWITCHING [WATX]
WBC,Wilkes-Barre Connecting Railroad Company [WBC]
WBCR,Wabash Central Railroad Corporation [WBCR]
WBRW,"West Belt Railway, LLC [WBRW]"
WBSZ,Wilbanks Steel Company [WBSZ]
WBZ,Wheeler Brothers Grain Co. [WBZ]
WC,WISCONSIN CENTRAL LTD. [WC]
WCCZ,Widows Creek Coal [WCCZ]
WCIZ,Woods County Industrial Development Authority [WCIZ]
WCKR,Wolf Creek Railroad [WCKR]
WCOR,Wellsboro & Corning Railroad Company [WCOR]
WCRC,WASHINGTON CENTRAL RAILROAD COMPANY [WCRC]
WCRL,West Chester Railroad Company [WCRL]
WCTX,Weyerhaeuser Woods Railroads [WCTX]
WCZ,Weyco Co. [WCZ]
WDZ,Wyandot Dolomite [WDZ]
WE,Wheeling & Lake Erie Railway Company [WE]
WER,Washington Eastern Railroad  [WER]
WEST,Weirton Steel [WEST]
WESZ,West Erie Shortline [WESZ]
WEYC,Weyerhauser Company And Dierks Division [WEYC]
WEYE,"WEYERHAEUSER, INC. [WEYE]"
WFS,West Isle Line Inc. [WFS]
WFZ,Weeberg Furniture [WFZ]
WGCR,Wiregrass Central Railroad Company [WGCR]
WGNS,"Wisconsin Great Northern Railroad, Inc. [WGNS]"
WGNX,Wisconsin & Great Northern [WGNX]
WGRY,WABASH & GRAND RIVER RWY CO [WGRY]
WGSH,Wabtec Global Services Houston [WGSH]
WHIZ,Wah Chang Industry [WHIZ]
WHRR,"Walking Horse Railroad, LLC [WHRR]"
WHWN,Waynesburgh And Washington [WHWN]
WI,WATCO SWITCH INDIANA [WI]
WIIZ,Willamett Industry [WIIZ]
WILZ,Willamette Industries [WILZ]
WIM,"Washington, Idaho And Montana Railway Company [WIM]"
WIR,"Washington & Idaho Railway, Inc. [WIR]"
WIRR,"Wisconsin Rapids Railroad, L.L.C. [WIRR]"
WJ,West Jersey Railroad Company [WJ]
WKRL,"Western Kentucky Railway, LLC [WKRL]"
WLRS,Western Labrador Rail Services Inc. [WLRS]
WM,Western Maryland Railway [WM]
WMI,West Michigan Railroad Company [WMI]
WMSR,Western Maryland Scenic Railroad [WMSR]
WN,Wisconsin Northern Railroad [WN]
WNFR,KANAWHA RAIL CORP [WNFR]
WNYP,Western New York & Pennsylvania Railroad LLC [WNYP]
WODZ,Woodenville Diary [WODZ]
WOPR,"West Oakland Pacific Railroad, LLC [WOPR]"
WPIZ,Walport Incorporated [WPIZ]
WPLZ,WILLIAMS PIPELINE CO [WPLZ]
WPSX,"WESTERN PLANT SERVICES, INC. [WPSX]"
WPZ,Western Paving [WPZ]
WRCC,Winnipesaukee Railroad Corporation [WRCC]
WRDZ,Wyodake Resources Development Corp. [WRDZ]
WREC,Willits Redwood Co. [WREC]
WRL,WRL LLC d.b.a. Rainier Rail [WRL]
WRM,Western Railway Museum [WRM]
WRRC,Western Railroad Company [WRRC]
WRS,"Western Rail Switching, Inc. [WRS]"
WS,"WALKERSVILLE SOUTHERN RAILROAD, INC. [WS]"
WSCZ,Western Sugar Comany [WSCZ]
WSOR,"WISCONSIN & SOUTHERN RAILROAD, LLC [WSOR]"
WSR,Warren & Saline River Railroad Company [WSR]
WSRY,Winamac Southern Railway Company [WSRY]
WSS,Winston-Salem Southbound Railway [WSS]
WST,Winston-salem Terminal Company [WST]
WTA,Wichita Terminal Association [WTA]
WTC,Weyerhauser Timber Co. [WTC]
WTJR,"WICHITA, TILLMAN & JACKSON RAILWAY COMPANY, INC. [WTJR]"
WTNN,"West Tennessee Railroad, LLC [WTNN]"
WTRM,"Warren & Trumbull Railroad Company,  The [WTRM]"
WTRY,"WILMINGTON TERMINAL RAILROAD, INC. [WTRY]"
WTUX,West Texas Utility [WTUX]
WTUZ,West Texas Utilities Company [WTUZ]
WURR,Wallowa Union Railroad Authority [WURR]
WVC,WEST VIRGINIA CENTRAL RAILROAD [WVC]
WVR,Willamette Valley Railway Company [WVR]
WVRR,Whitewater Valley Railroad [WVRR]
WVSX,West Virginia State Rail Authority [WVSX]
WW,Winchester & Western Railroad Company [WW]
WWRC,WILMINGTON & WESTERN RAILROAD COMPANY [WWRC]
WYCO,Wyoming & Colorado Railroad [WYCO]
WYCR,"Wyoming Connect Railroad, LLC [WYCR]"
WYET,Wye Transportation Corporation [WYET]
WYEZ,Wye Company [WYEZ]
XAAL,AAW-Alliance TX [XAAL]
XALV,AAW-Los Vegas [XALV]
XCOT,City of Tremeton [XCOT]
XCTA,Chicago Transit Authority [XCTA]
XCTS,Cleveland Transit System [XCTS]
XENG,Engstrom Bean and Seed [XENG]
XMDT,Massachusetts Department of Transportation [XMDT]
XTGS,"Trans-Global Solutions, INC [XTGS]"
YARR,Youngstown & Austintown Railroad [YARR]
YB,The Youngstown Belt Railroad Company [YB]
YCR,Yakima Central Railway [YCR]
YILA,Yakima Interurban Lines Association [YILA]
YRC,YORK RAILWAY COMPANY [YRC]
YS,YOUNGSTOWN & SOUTHERN RAILROAD COMPANY [YS]
YSRR,"Yountstown & Southeastern Railroad Company, Inc. [YSRR]"
YSVR,"Yellowstone Valley Railroad, LLC [YSVR]"
YVRR,Yadkin Valley Railroad Company [YVRR]
YW,Yreka Western Railroad Company [YW]
ZDSC,ZDSC Industry [ZDSC]
ZIOF,INEOS OLEFINS POLYMERS USA [ZIOF]
ZRAT,RAIL TERMINAL SERVICES [ZRAT]
ZWHC,ZWHC Industry [ZWHC]
ZWSX,Zanesville & Western Scenic Railroad [ZWSX]
ZWVC,ZWVC Industry [ZWVC]
ZZCA,Zacha Transload [ZZCA]
